policy_id,C1,C2,C3,C4,reference_true_lifetime,reference_mean_lifetime,reference_std_lifetime
ATTIA_P000,3.6,6.0,5.6,4.755,894,948.06,182.18004214266182
ATTIA_P001,3.6,7.0,5.2,4.537,776,773.7,178.95812416339646
ATTIA_P002,3.6,7.0,5.6,4.271,700,713.96,181.19286826529373
ATTIA_P003,4.0,5.2,5.6,4.707,971,966.98,165.1881413443965
ATTIA_P004,4.0,5.6,5.2,4.707,976,961.82,177.95730856997525
ATTIA_P005,4.0,5.6,5.6,4.421,843,818.1,141.4814114854611
ATTIA_P006,4.0,6.0,4.8,4.8,1000,1013.82,158.26182001186953
ATTIA_P007,4.0,6.0,5.2,4.457,953,935.38,158.43686568524154
ATTIA_P008,4.0,6.0,5.6,4.2,878,816.06,154.8014409572759
ATTIA_P009,4.0,7.0,4.4,4.69,788,783.98,165.1881413443965
ATTIA_P010,4.0,7.0,4.8,4.308,754,808.06,182.18004214266182
ATTIA_P011,4.0,7.0,5.2,4.03,758,748.32,148.23966254353255
ATTIA_P012,4.0,7.0,5.6,3.818,688,701.58,178.24909078967818
ATTIA_P013,4.4,4.8,5.6,4.563,923,908.82,177.95730856997525
ATTIA_P014,4.4,5.2,5.2,4.516,1036,1049.82,158.26182001186953
ATTIA_P015,4.4,5.2,5.6,4.252,883,865.38,158.43686568524154
ATTIA_P016,4.4,5.6,4.8,4.563,930,953.3,158.3115309013419
ATTIA_P017,4.4,5.6,5.2,4.252,886,881.98,165.1881413443965
ATTIA_P018,4.4,5.6,5.6,4.017,817,871.06,182.18004214266182
ATTIA_P019,4.4,6.0,4.4,4.714,961,941.88,155.01976700816354
ATTIA_P020,4.4,6.0,4.8,4.328,908,893.82,177.95730856997525
ATTIA_P021,4.4,6.0,5.2,4.047,918,893.1,141.4814114854611
ATTIA_P022,4.4,6.0,5.6,3.834,802,799.7,178.95812416339646
ATTIA_P023,4.4,7.0,4.0,4.69,795,808.82,158.26182001186953
ATTIA_P024,4.4,7.0,4.4,4.239,733,715.38,158.43686568524154
ATTIA_P025,4.4,7.0,4.8,3.924,705,643.06,154.8014409572759
ATTIA_P026,4.4,7.0,5.2,3.691,704,713.46,161.26998657973706
ATTIA_P027,4.4,7.0,5.6,3.513,650,621.62,169.99374418261542
ATTIA_P028,4.8,4.4,5.6,4.563,939,952.82,158.26182001186953
ATTIA_P029,4.8,4.8,5.2,4.457,962,985.3,158.3115309013419
ATTIA_P030,4.8,4.8,5.6,4.2,887,882.98,165.1881413443965
ATTIA_P031,4.8,5.2,4.8,4.457,966,946.88,155.01976700816354
ATTIA_P032,4.8,5.2,5.2,4.16,986,971.82,177.95730856997525
ATTIA_P033,4.8,5.2,5.6,3.935,852,827.1,141.4814114854611
ATTIA_P034,4.8,5.6,4.4,4.563,948,944.68,150.29310682524223
ATTIA_P035,4.8,5.6,4.8,4.2,892,905.82,158.26182001186953
ATTIA_P036,4.8,5.6,5.2,3.935,854,836.38,158.43686568524154
ATTIA_P037,4.8,5.6,5.6,3.733,787,725.06,154.8014409572759
ATTIA_P038,4.8,6.0,4.0,4.8,1036,1015.38,164.14850046248253
ATTIA_P039,4.8,6.0,4.4,4.328,924,947.3,158.3115309013419
ATTIA_P040,4.8,6.0,4.8,4.0,922,917.98,165.1881413443965
ATTIA_P041,4.8,6.0,5.2,3.759,878,932.06,182.18004214266182
ATTIA_P042,4.8,6.0,5.6,3.574,776,766.32,148.23966254353255
ATTIA_P043,4.8,7.0,4.0,4.308,770,755.82,177.95730856997525
ATTIA_P044,4.8,7.0,4.4,3.924,714,689.1,141.4814114854611
ATTIA_P045,4.8,7.0,4.8,3.652,705,702.7,178.95812416339646
ATTIA_P046,4.8,7.0,5.2,3.45,685,698.96,181.19286826529373
ATTIA_P047,4.8,7.0,5.6,3.294,647,662.38,178.54558555855976
ATTIA_P048,5.2,4.0,5.6,4.707,1018,1041.3,158.3115309013419
ATTIA_P049,5.2,4.4,5.2,4.516,1071,1051.88,155.01976700816354
ATTIA_P050,5.2,4.4,5.6,4.252,909,894.82,177.95730856997525
ATTIA_P051,5.2,4.8,4.8,4.457,980,976.68,150.29310682524223
ATTIA_P052,5.2,4.8,5.2,4.16,1001,1014.82,158.26182001186953
ATTIA_P053,5.2,4.8,5.6,3.935,862,844.38,158.43686568524154
ATTIA_P054,5.2,5.2,4.4,4.516,1075,1054.38,164.14850046248253
ATTIA_P055,5.2,5.2,4.8,4.16,1003,1026.3,158.3115309013419
ATTIA_P056,5.2,5.2,5.2,3.9,954,949.98,165.1881413443965
ATTIA_P057,5.2,5.2,5.6,3.702,867,921.06,182.18004214266182
ATTIA_P058,5.2,5.6,4.0,4.707,1030,1011.26,138.7399284816813
ATTIA_P059,5.2,5.6,4.4,4.252,917,897.88,155.01976700816354
ATTIA_P060,5.2,5.6,4.8,3.935,867,852.82,177.95730856997525
ATTIA_P061,5.2,5.6,5.2,3.702,868,843.1,141.4814114854611
ATTIA_P062,5.2,5.6,5.6,3.523,769,766.7,178.95812416339646
ATTIA_P063,5.2,6.0,4.0,4.457,1004,1000.68,150.29310682524223
ATTIA_P064,5.2,6.0,4.4,4.047,949,962.82,158.26182001186953
ATTIA_P065,5.2,6.0,4.8,3.759,891,873.38,158.43686568524154
ATTIA_P066,5.2,6.0,5.2,3.545,853,791.06,154.8014409572759
ATTIA_P067,5.2,6.0,5.6,3.381,781,790.46,161.26998657973706
ATTIA_P068,5.2,7.0,3.6,4.537,816,839.3,158.3115309013419
ATTIA_P069,5.2,7.0,4.0,4.03,783,778.98,165.1881413443965
ATTIA_P070,5.2,7.0,4.4,3.691,719,773.06,182.18004214266182
ATTIA_P071,5.2,7.0,4.8,3.45,692,682.32,148.23966254353255
ATTIA_P072,5.2,7.0,5.2,3.269,673,686.58,178.24909078967818
ATTIA_P073,5.2,7.0,5.6,3.129,637,649.86,176.0649242496086
ATTIA_P074,5.6,4.0,5.2,4.707,1041,1037.68,150.29310682524223
ATTIA_P075,5.6,4.0,5.6,4.421,890,903.82,158.26182001186953
ATTIA_P076,5.6,4.4,4.8,4.563,974,953.38,164.14850046248253
ATTIA_P077,5.6,4.4,5.2,4.252,926,949.3,158.3115309013419
ATTIA_P078,5.6,4.4,5.6,4.017,850,845.98,165.1881413443965
ATTIA_P079,5.6,4.8,4.4,4.563,975,956.26,138.7399284816813
ATTIA_P080,5.6,4.8,4.8,4.2,917,897.88,155.01976700816354
ATTIA_P081,5.6,4.8,5.2,3.935,876,861.82,177.95730856997525
ATTIA_P082,5.6,4.8,5.6,3.733,806,781.1,141.4814114854611
ATTIA_P083,5.6,5.2,4.0,4.707,1044,1065.68,191.9310505448905
ATTIA_P084,5.6,5.2,4.4,4.252,928,924.68,150.29310682524223
ATTIA_P085,5.6,5.2,4.8,3.935,878,891.82,158.26182001186953
ATTIA_P086,5.6,5.2,5.2,3.702,879,861.38,158.43686568524154
ATTIA_P087,5.6,5.2,5.6,3.523,776,714.06,154.8014409572759
ATTIA_P088,5.6,5.6,4.0,4.421,897,876.38,164.14850046248253
ATTIA_P089,5.6,5.6,4.4,4.017,852,875.3,158.3115309013419
ATTIA_P090,5.6,5.6,4.8,3.733,807,802.98,165.1881413443965
ATTIA_P091,5.6,5.6,5.2,3.523,777,831.06,182.18004214266182
ATTIA_P092,5.6,5.6,5.6,3.36,721,711.32,148.23966254353255
ATTIA_P093,5.6,6.0,3.6,4.755,970,951.26,138.7399284816813
ATTIA_P094,5.6,6.0,4.0,4.2,930,910.88,155.01976700816354
ATTIA_P095,5.6,6.0,4.4,3.834,836,821.82,177.95730856997525
ATTIA_P096,5.6,6.0,4.8,3.574,795,770.1,141.4814114854611
ATTIA_P097,5.6,6.0,5.2,3.381,789,786.7,178.95812416339646
ATTIA_P098,5.6,6.0,5.6,3.231,713,726.96,181.19286826529373
ATTIA_P099,5.6,7.0,3.6,4.271,737,750.82,158.26182001186953
ATTIA_P100,5.6,7.0,4.0,3.818,712,694.38,158.43686568524154
ATTIA_P101,5.6,7.0,4.4,3.513,666,604.06,154.8014409572759
ATTIA_P102,5.6,7.0,4.8,3.294,656,665.46,161.26998657973706
ATTIA_P103,5.6,7.0,5.2,3.129,641,612.62,169.99374418261542
ATTIA_P104,5.6,7.0,5.6,3.0,611,533.78,182.62197936431087
ATTIA_P105,6.0,3.6,5.6,4.755,974,997.3,158.3115309013419
ATTIA_P106,6.0,4.0,4.8,4.8,1076,1057.26,138.7399284816813
ATTIA_P107,6.0,4.0,5.2,4.457,1023,1003.88,155.01976700816354
ATTIA_P108,6.0,4.0,5.6,4.2,938,923.82,177.95730856997525
ATTIA_P109,6.0,4.4,4.4,4.714,1017,1038.68,191.9310505448905
ATTIA_P110,6.0,4.4,4.8,4.328,958,954.68,150.29310682524223
ATTIA_P111,6.0,4.4,5.2,4.047,971,984.82,158.26182001186953
ATTIA_P112,6.0,4.4,5.6,3.834,841,823.38,158.43686568524154
ATTIA_P113,6.0,4.8,4.0,4.8,1079,1086.94,154.81225100496565
ATTIA_P114,6.0,4.8,4.4,4.328,960,939.38,164.14850046248253
ATTIA_P115,6.0,4.8,4.8,4.0,957,980.3,158.3115309013419
ATTIA_P116,6.0,4.8,5.2,3.759,911,906.98,165.1881413443965
ATTIA_P117,6.0,4.8,5.6,3.574,800,854.06,182.18004214266182
ATTIA_P118,6.0,5.2,4.0,4.457,1029,1010.26,138.7399284816813
ATTIA_P119,6.0,5.2,4.4,4.047,971,951.88,155.01976700816354
ATTIA_P120,6.0,5.2,4.8,3.759,911,896.82,177.95730856997525
ATTIA_P121,6.0,5.2,5.2,3.545,872,847.1,141.4814114854611
ATTIA_P122,6.0,5.2,5.6,3.381,796,793.7,178.95812416339646
ATTIA_P123,6.0,5.6,3.6,4.755,981,1002.68,191.9310505448905
ATTIA_P124,6.0,5.6,4.0,4.2,941,937.68,150.29310682524223
ATTIA_P125,6.0,5.6,4.4,3.834,844,857.82,158.26182001186953
ATTIA_P126,6.0,5.6,4.8,3.574,802,784.38,158.43686568524154
ATTIA_P127,6.0,5.6,5.2,3.381,797,735.06,154.8014409572759
ATTIA_P128,6.0,5.6,5.6,3.231,718,727.46,161.26998657973706
ATTIA_P129,6.0,6.0,3.6,4.5,1026,1005.38,164.14850046248253
ATTIA_P130,6.0,6.0,4.0,4.0,970,993.3,158.3115309013419
ATTIA_P131,6.0,6.0,4.4,3.667,862,857.98,165.1881413443965
ATTIA_P132,6.0,6.0,4.8,3.429,816,870.06,182.18004214266182
ATTIA_P133,6.0,6.0,5.2,3.25,786,776.32,148.23966254353255
ATTIA_P134,6.0,6.0,5.6,3.111,725,738.58,178.24909078967818
ATTIA_P135,6.0,7.0,3.6,4.065,757,742.82,177.95730856997525
ATTIA_P136,6.0,7.0,4.0,3.652,727,702.1,141.4814114854611
ATTIA_P137,6.0,7.0,4.4,3.372,677,674.7,178.95812416339646
ATTIA_P138,6.0,7.0,4.8,3.17,654,667.96,181.19286826529373
ATTIA_P139,6.0,7.0,5.2,3.017,648,663.38,178.54558555855976
ATTIA_P140,6.0,7.0,5.6,2.897,610,626.16,151.51754259585164
ATTIA_P141,7.0,3.6,5.2,4.537,864,862.14,193.42815045322413
ATTIA_P142,7.0,3.6,5.6,4.271,765,759.64,207.33791407324637
ATTIA_P143,7.0,4.0,4.4,4.69,859,923.7,145.39660748926627
ATTIA_P144,7.0,4.0,4.8,4.308,818,814.2,162.12114392059553
ATTIA_P145,7.0,4.0,5.2,4.03,824,783.9,148.36912737892501
ATTIA_P146,7.0,4.0,5.6,3.818,737,745.32,177.43310783250692
ATTIA_P147,7.0,4.4,4.0,4.69,857,881.24,133.02762640803266
ATTIA_P148,7.0,4.4,4.4,4.239,784,792.86,142.01422895079844
ATTIA_P149,7.0,4.4,4.8,3.924,751,752.68,156.7844536233079
ATTIA_P150,7.0,4.4,5.2,3.691,750,706.86,154.4883603039004
ATTIA_P151,7.0,4.4,5.6,3.513,684,662.6,168.7745749301628
ATTIA_P152,7.0,4.8,4.0,4.308,814,835.44,160.83330957667866
ATTIA_P153,7.0,4.8,4.4,3.924,749,747.14,193.42815045322413
ATTIA_P154,7.0,4.8,4.8,3.652,740,734.64,207.33791407324637
ATTIA_P155,7.0,4.8,5.2,3.45,717,710.98,177.598778493685
ATTIA_P156,7.0,4.8,5.6,3.294,673,651.96,192.95912224391688
ATTIA_P157,7.0,5.2,3.6,4.537,851,915.7,145.39660748926627
ATTIA_P158,7.0,5.2,4.0,4.03,816,812.2,162.12114392059553
ATTIA_P159,7.0,5.2,4.4,3.691,746,705.9,148.36912737892501
ATTIA_P160,7.0,5.2,4.8,3.45,715,723.32,177.43310783250692
ATTIA_P161,7.0,5.2,5.2,3.269,695,675.24,147.05275465988805
ATTIA_P162,7.0,5.2,5.6,3.129,655,648.16,176.671418752671
ATTIA_P163,7.0,5.6,3.6,4.271,758,766.86,142.01422895079844
ATTIA_P164,7.0,5.6,4.0,3.818,732,733.68,156.7844536233079
ATTIA_P165,7.0,5.6,4.4,3.513,682,638.86,154.4883603039004
ATTIA_P166,7.0,5.6,4.8,3.294,671,649.6,168.7745749301628
ATTIA_P167,7.0,5.6,5.2,3.129,655,643.92,153.94059813805467
ATTIA_P168,7.0,5.6,5.6,3.0,622,611.02,142.44791242802415
ATTIA_P169,7.0,6.0,3.6,4.065,771,769.14,193.42815045322413
ATTIA_P170,7.0,6.0,4.0,3.652,741,735.64,207.33791407324637
ATTIA_P171,7.0,6.0,4.4,3.372,687,680.98,177.598778493685
ATTIA_P172,7.0,6.0,4.8,3.17,664,642.96,192.95912224391688
ATTIA_P173,7.0,6.0,5.2,3.017,657,655.08,177.39082184112397
ATTIA_P174,7.0,6.0,5.6,2.897,617,606.18,168.07392566902197
ATTIA_P175,7.0,7.0,3.6,3.706,634,642.32,177.43310783250692
ATTIA_P176,7.0,7.0,4.0,3.36,618,598.24,147.05275465988805
ATTIA_P177,7.0,7.0,4.4,3.122,593,586.16,176.671418752671
ATTIA_P178,7.0,7.0,4.8,2.947,581,565.52,131.38403593267785
ATTIA_P179,7.0,7.0,5.2,2.814,577,616.0,200.91637005257198
ATTIA_P180,7.0,7.0,5.6,2.71,558,547.62,171.10241473027378
ATTIA_P181,8.0,3.6,4.8,4.5,818,798.88,155.01976700816354
ATTIA_P182,8.0,3.6,5.2,4.197,786,771.82,177.95730856997525
ATTIA_P183,8.0,3.6,5.6,3.969,711,686.1,141.4814114854611
ATTIA_P184,8.0,4.0,4.0,4.8,854,875.68,191.9310505448905
ATTIA_P185,8.0,4.0,4.4,4.328,785,781.68,150.29310682524223
ATTIA_P186,8.0,4.0,4.8,4.0,781,794.82,158.26182001186953
ATTIA_P187,8.0,4.0,5.2,3.759,753,735.38,158.43686568524154
ATTIA_P188,8.0,4.0,5.6,3.574,688,626.06,154.8014409572759
ATTIA_P189,8.0,4.4,4.0,4.328,782,761.38,164.14850046248253
ATTIA_P190,8.0,4.4,4.4,3.94,725,748.3,158.3115309013419
ATTIA_P191,8.0,4.4,4.8,3.667,717,712.98,165.1881413443965
ATTIA_P192,8.0,4.4,5.2,3.463,696,750.06,182.18004214266182
ATTIA_P193,8.0,4.4,5.6,3.306,657,647.32,148.23966254353255
ATTIA_P194,8.0,4.8,3.6,4.5,805,786.26,138.7399284816813
ATTIA_P195,8.0,4.8,4.0,4.0,774,754.88,155.01976700816354
ATTIA_P196,8.0,4.8,4.4,3.667,714,699.82,177.95730856997525
ATTIA_P197,8.0,4.8,4.8,3.429,688,663.1,141.4814114854611
ATTIA_P198,8.0,4.8,5.2,3.25,670,667.7,178.95812416339646
ATTIA_P199,8.0,4.8,5.6,3.111,635,648.96,181.19286826529373
ATTIA_P200,8.0,5.2,3.6,4.197,774,770.68,150.29310682524223
ATTIA_P201,8.0,5.2,4.0,3.759,745,758.82,158.26182001186953
ATTIA_P202,8.0,5.2,4.4,3.463,692,674.38,158.43686568524154
ATTIA_P203,8.0,5.2,4.8,3.25,669,607.06,154.8014409572759
ATTIA_P204,8.0,5.2,5.2,3.089,662,671.46,161.26998657973706
ATTIA_P205,8.0,5.2,5.6,2.963,622,593.62,169.99374418261542
ATTIA_P206,8.0,5.6,3.6,3.969,703,726.3,158.3115309013419
ATTIA_P207,8.0,5.6,4.0,3.574,682,677.98,165.1881413443965
ATTIA_P208,8.0,5.6,4.4,3.306,653,707.06,182.18004214266182
ATTIA_P209,8.0,5.6,4.8,3.111,634,624.32,148.23966254353255
ATTIA_P210,8.0,5.6,5.2,2.963,621,634.58,178.24909078967818
ATTIA_P211,8.0,5.6,5.6,2.847,596,608.86,176.0649242496086
ATTIA_P212,8.0,6.0,3.6,3.789,711,696.82,177.95730856997525
ATTIA_P213,8.0,6.0,4.0,3.429,687,662.1,141.4814114854611
ATTIA_P214,8.0,6.0,4.4,3.181,646,643.7,178.95812416339646
ATTIA_P215,8.0,6.0,4.8,3.0,635,648.96,181.19286826529373
ATTIA_P216,8.0,6.0,5.2,2.862,622,637.38,178.54558555855976
ATTIA_P217,8.0,6.0,5.6,2.754,592,608.16,151.51754259585164
ATTIA_P218,8.0,7.0,3.6,3.476,605,543.06,154.8014409572759
ATTIA_P219,8.0,7.0,4.0,3.17,592,601.46,161.26998657973706
ATTIA_P220,8.0,7.0,4.4,2.957,573,544.62,169.99374418261542
ATTIA_P221,8.0,7.0,4.8,2.8,567,489.78,182.62197936431087
ATTIA_P222,8.0,7.0,5.2,2.68,560,544.6,150.48506604324834
ATTIA_P223,8.0,7.0,5.6,2.585,548,534.9,159.67303965239947
