physical_cell_id,batch_id,original_cell_id,charging_policy,split,cycle_life,delta_q_var,delta_q_min,delta_q_mean,delta_q_skew,delta_q_kurt,q_discharge_2,q_discharge_100,q_diff_100_2,q_max_diff,q_slope,q_intercept,ir_2,ir_100,ir_diff_100_2,ir_mean,t_avg_mean,t_max_max,t_min_min,charge_time_mean,charge_time_diff_100_2
b1c0,batch1,b1c0,3.6C(80%)-3.6C,primary_test,1852.0,-5.014861042960788,-2.0726479673332374,-0.0028734152246919164,-0.5320584720505735,-1.3483118916844854,1.0706892,1.0759126,0.005223400000000211,0.46836520000000004,-0.0002068070129870133,1.0911437324098123,0.016742354,0.016667154,-7.520000000000096e-05,0.01664332204040404,31.603747328822767,35.994705,29.012251,13.384230505050484,-0.0004883333326688444
b1c1,batch1,b1c1,3.6C(80%)-3.6C,train,2160.0,-5.013959617162855,-1.9584566567173611,-0.00409961462134519,-0.4293749031928047,-1.0291160019202557,1.0753012,1.0806297,0.005328500000000069,0.009288300000000138,5.5352925170070685e-06,1.0809645798796124,0.017038831,0.01699684,-4.199100000000164e-05,0.016750843414141414,31.33031430692745,34.712265,29.230637,13.374696464646446,-0.08423333333363736
b1c2,batch1,b1c2,3.6C(80%)-3.6C,primary_test,2237.0,-4.7369997419805365,-1.7640578612436268,-0.004486734282886989,-1.0801942790076273,0.3486368188757716,1.0799223,1.0849404,0.005018100000000025,0.008131200000000005,1.0295625231910926e-05,1.0848461200828694,0.01686798,0.016854173,-1.3807000000001096e-05,0.01659959497979798,31.47958411321121,35.127342,29.269444,13.378886329966337,0.0001250000001178364
b1c3,batch1,b1c3,4C(80%)-4C,train,1434.0,-4.442613359277012,-1.7221493032207573,-0.007455784700018413,-0.4390504629404682,-1.0954158488747705,1.0797229,1.0847498,0.005026900000000056,0.006530099999999983,1.713634755720454e-05,1.0840750159715524,0.016369704,0.016408285,3.858100000000281e-05,0.01614615604040404,29.942198807956427,31.691414,29.023619,12.053277171717166,0.08401166666669013
b1c4,batch1,b1c4,4C(80%)-4C,primary_test,1709.0,-4.647743660307859,-1.8551769586673086,-0.005750008121960181,-0.3625481267285902,-1.3338305761630276,1.0784167,1.0826457,0.004229000000000038,0.005899899999999958,1.899431787260345e-05,1.0818748211016282,0.016787428,0.016734114,-5.331399999999875e-05,0.01650051357575757,31.44888383416564,35.651741,29.092649,12.053313636363642,-7.833333332563086e-05
b1c5,batch1,b1c5,4.4C(80%)-4.4C,train,1074.0,-4.178877963304522,-1.5989653349280424,-0.01107391297973859,-0.1493501482196471,-1.2275265201493235,1.0761266,1.0797794,0.0036528000000000116,0.005943800000000055,1.1228400742115005e-05,1.0797547949964956,0.016437579,0.016325712,-0.0001118670000000016,0.016270388575757577,30.92149771366389,34.654667,28.914812,15.07576803030309,-0.08435999999983324
b1c6,batch1,b1c6,4.8C(80%)-4.8C,primary_test,636.0,-3.7688779002277237,-1.4215207944138115,-0.015965056248274823,-0.40793584962018636,-1.2380700944581655,1.0758358,1.0792426,0.003406800000000043,0.006303200000000064,-4.8086468769325835e-06,1.0811570258392085,0.017001977,0.016668631,-0.0003333460000000017,0.016507268545454545,32.27384521945563,36.496124,29.495056,10.04485760942758,-0.08742499999960529
b1c7,batch1,b1c7,4.8C(80%)-4.8C,train,870.0,-3.8134860773269867,-1.4175572328154407,-0.016645727245619735,-0.3334166199580946,-1.120535904128327,1.0938644,1.0957625,0.0018981000000000137,0.004104200000000002,-6.428188002473638e-06,1.0972542699113585,0.016311171,0.01627275,-3.842100000000029e-05,0.016050141454545454,31.990084509217034,36.053928,29.368095,10.044094528619514,0.0010150000007040916
b1c9,batch1,b1c9,5.4C(40%)-3.6C,primary_test,1054.0,-4.059383677769545,-1.5417478896827503,-0.011510600568480111,-0.4275910282835675,-1.1821708568020548,1.0829742,1.0876312,0.004656999999999911,0.005975700000000028,1.8204385899814532e-05,1.0867714248039577,0.016978227,0.016944561,-3.366599999999817e-05,0.01683536523232323,32.64153361126789,36.799232,29.999718,11.241857609427619,0.0003433333333298094
b1c11,batch1,b1c11,5.4C(50%)-3C,train,788.0,-4.146896530502188,-1.6254072026301174,-0.008378205102529986,-0.594847886540066,-1.205555466507367,1.0537786,1.0599719,0.006193300000000068,0.009460400000000035,2.1809402597402858e-05,1.0589716063261183,0.016575078,0.0162715,-0.0003035779999999988,0.01603708411111111,32.75932260623101,37.128967,29.87781,11.684114427609464,-0.0006250000000367351
b1c14,batch1,b1c14,5.4C(60%)-3C,primary_test,880.0,-4.046069839990279,-1.548306330889822,-0.011946218223467892,-0.28245263733712345,-1.3132871189250308,1.0709661,1.0762016,0.005235500000000171,0.006877699999999987,2.623412492269632e-05,1.0747649768006595,0.017121186,0.017053071,-6.811500000000054e-05,0.016975001838383838,33.07746279993842,37.818813,29.769632,14.925935387205387,0.08350333333337367
b1c15,batch1,b1c15,5.4C(60%)-3C,train,719.0,-4.017949103167607,-1.538433127534962,-0.011013089313180444,-0.4819985506782299,-1.250455985410066,1.0611236,1.0677497,0.006626100000000079,0.008215100000000142,2.904936054421799e-05,1.0661753684708306,0.017168047,0.016914751,-0.0002532960000000001,0.016839986434343434,33.147720104395674,38.47617,29.44138,14.92770846801342,-0.08335500000015017
b1c16,batch1,b1c16,5.4C(60%)-3.6C,primary_test,862.0,-4.099413675443745,-1.5589858999371669,-0.012403806163792485,-0.12294982972227239,-1.228098401990385,1.0811664,1.0863206,0.005154199999999998,0.007425499999999863,2.3160274582560226e-05,1.085288382561946,0.01683085,0.016816031,-1.4819000000002719e-05,0.016528862282828287,32.41716254671688,37.566532,29.542667,10.12547436026938,0.00037499999956125407
b1c17,batch1,b1c17,5.4C(60%)-3.6C,train,857.0,-3.970159451162403,-1.5076871632965057,-0.013343115757399526,-0.25598794617561316,-1.2907022981003802,1.072052,1.0769763,0.004924300000000104,0.007173799999999897,1.788623129251757e-05,1.076194038567718,0.016778639,0.016800802,2.2162999999998656e-05,0.016676227535353534,32.088753858534446,37.208405,29.182228,10.13811205387206,0.08308000000012505
b1c18,batch1,b1c18,5.4C(70%)-3C,primary_test,691.0,-3.650080545153841,-1.3552344300601988,-0.02070238680333876,-0.05207889132502617,-1.346528286080605,1.0661705,1.0645274,-0.0016430999999998974,1.8179140000000003,-0.000294541590599876,1.1014650039488765,0.019886132,0.015891589,-0.003994543,0.018004754414141413,31.831057275618022,36.084282,29.688587,9.925956313131316,0.00015833333257830873
b1c19,batch1,b1c19,5.4C(70%)-3C,train,788.0,-3.6199068274368353,-1.3382564529624872,-0.020106274821769736,-0.2734236630130664,-1.275414778811916,1.0851147,1.0870851,0.0019703999999998167,0.004190699999999881,-1.035584539270271e-05,1.0888966198321994,0.016449727,0.01638364,-6.60869999999994e-05,0.01632486908080808,33.044085397077396,37.49086,29.91865,9.930255336700304,-0.0001500000004241997
b1c20,batch1,b1c20,5.4C(80%)-5.4C,primary_test,534.0,-3.367237410245857,-1.1966765604379692,-0.03279598300714767,0.24167276572580954,-1.0727210228955253,1.07263,1.0612478,-0.011382199999999898,0.003094200000000047,-0.00013977618181818178,1.076969671131313,0.015740737,0.015160209,-0.000580528000000002,0.01505672603030303,32.15292201754506,35.504932,29.662241,9.027207626262616,0.030163333333559805
b1c21,batch1,b1c21,5.4C(80%)-5.4C,train,559.0,-3.3503380515995875,-1.1889597281466224,-0.030657577112710634,-0.09016665223320511,-1.1430823300485562,1.0824388,1.0767291,-0.005709699999999929,0.0034874000000000294,-8.178444155844157e-05,1.0863975044992784,0.015348774,0.015144967,-0.0002038070000000003,0.014937809606060608,33.13697371135653,37.615559,29.948643,8.987271380471347,0.014681666666637838
b1c23,batch1,b1c23,6C(30%)-3.6C,primary_test,1014.0,-4.0407936433278895,-1.523552178470511,-0.013340620512360239,-0.14317440365637846,-1.2306058551197139,1.0792934,1.0816909,0.0023974999999998303,0.004492999999999858,-6.9509103277674005e-06,1.0828155540024738,0.016937815,0.016928671,-9.143999999999125e-06,0.016824002585858585,31.99077454717494,36.165897,29.545927,11.458691784511789,-0.0003200000003751313
b1c24,batch1,b1c24,6C(40%)-3C,train,1017.0,-3.938662523656534,-1.4969978330235068,-0.013873507013282613,-0.33886310774417266,-1.2741881895082756,1.0745355,1.0776314,0.0030958999999999293,0.004539499999999919,2.0242585034014705e-06,1.0779299496850132,0.016687831,0.016682969,-4.86200000000131e-06,0.016587448888888887,33.378063951824195,37.596226,30.30908,12.128487205387225,0.08339666666691592
b1c25,batch1,b1c25,6C(40%)-3C,primary_test,854.0,-4.027888820540259,-1.5310448923727904,-0.012406193052887388,-0.35793477555398945,-1.2413942729375074,1.0752345,1.0780438,0.0028093000000000146,0.004678599999999866,5.129313543598952e-07,1.0788217283797157,0.016699277,0.016688013,-1.1263999999996943e-05,0.0165961417979798,33.848557073949294,38.670872,30.400667,12.137498080808081,0.0001883333333960735
b1c26,batch1,b1c26,6C(40%)-3.6C,train,870.0,-3.7952199967853435,-1.4161841994934083,-0.01785015712562481,-0.11706816411704128,-1.2766699504628691,1.0876514,1.0893713,0.0017199000000001075,0.003894800000000087,-1.5210461348175408e-05,1.091350021407545,0.016376387,0.016389275,1.2887999999999095e-05,0.016285491838383837,33.15641406115227,37.077717,30.189548,10.800664208754247,-0.0006883333333771446
b1c27,batch1,b1c27,6C(40%)-3.6C,primary_test,842.0,-3.8537032000559392,-1.4457275004165389,-0.01551418714665611,-0.28951852229645747,-1.2368251713034262,1.0790461,1.0810226,0.0019765000000000477,0.003953399999999885,-1.0758799010513339e-05,1.0825847381434754,0.016174601,0.016206481,3.187999999999802e-05,0.01609890666666667,33.89497000372245,38.178074,30.495707,10.803712340067367,-0.0008783333330324439
b1c28,batch1,b1c28,6C(50%)-3C,train,860.0,-3.844711807496199,-1.4292997115162875,-0.016698122755162716,-0.14263301031252343,-1.2384823669741583,1.0777475,1.0796947,0.0019471999999998157,0.003846999999999934,-7.726680272108982e-06,1.0810896899868068,0.016742077,0.016805848,6.377100000000066e-05,0.01668003754545454,33.773800525042,38.303513,30.421293,11.138253585858592,-5.8333333861071424e-05
b1c29,batch1,b1c29,6C(50%)-3C,primary_test,917.0,-3.8382817049630766,-1.4333451217343054,-0.01660052342693117,-0.13762996295439459,-1.2785185818791822,1.0794537,1.0818107,0.0023569999999999425,0.004349200000000053,-5.212719851577204e-06,1.083048669924552,0.016626336,0.016644154,1.7818000000002776e-05,0.016545523626262625,32.70415601771739,36.258759,30.240517,11.151875336700314,-0.0003499999998890502
b1c30,batch1,b1c30,6C(50%)-3.6C,train,709.0,-3.744699217898308,-1.3891761023084515,-0.017719122166801278,-0.28519142358197436,-1.2269916421555163,1.0798637,1.0814074,0.0015437000000000367,0.003954500000000083,-1.6368218923933255e-05,1.0836584963368379,0.016072329,0.016130757,5.842799999999926e-05,0.01600942625252525,33.54008830692456,37.483994,30.457619,10.124524292929316,0.0001766666667517569
b1c31,batch1,b1c31,6C(50%)-3.6C,primary_test,876.0,-3.777732624088043,-1.4036425857817216,-0.017983588803246863,-0.11073292820710413,-1.2421226847427715,1.0946392,1.0953494,0.0007101999999998831,0.003694199999999981,-2.6201082251082747e-05,1.0984046602453104,0.016952254,0.016962912,1.0658000000000195e-05,0.016865566141414143,30.375396745150564,31.658901,29.649641,10.126957558922545,-0.0004933333340879642
b1c32,batch1,b1c32,6C(60%)-3C,train,731.0,-3.6464634970703615,-1.3413563753175848,-0.020730273837007353,-0.15565603118726665,-1.2794467204381472,1.0778366,1.0793804,0.001543800000000095,0.003820099999999993,-1.2776272108843273e-05,1.0813230393725004,0.016239462,0.016290806,5.134400000000178e-05,0.016167064252525253,33.08050304573434,37.14436,30.193592,10.129902676767715,1.6666660176412051e-06
b1c33,batch1,b1c33,6C(60%)-3C,primary_test,757.0,-3.6670575975866413,-1.3477364305988748,-0.021651569301358076,0.0648321072722398,-1.232742808603498,1.0924908,1.0937657,0.0012749000000000787,0.004335399999999989,-2.181216573902273e-05,1.0966040669173367,0.016591828,0.016574621,-1.720699999999825e-05,0.016483775656565655,33.67169761442224,38.728722,30.119719,10.129993047138067,0.00018833333345646963
b1c34,batch1,b1c34,7C(30%)-3.6C,train,742.0,-3.848616157008837,-1.429245314396692,-0.016080359430316875,-0.15090116468663067,-1.179900135451435,1.0766174,1.0794187,0.0028013000000000066,0.004865000000000119,-3.129647495360075e-07,1.080085950091115,0.0169825,0.016954124,-2.8376000000000096e-05,0.01685519708080808,32.66455167507311,37.240925,29.709148,11.035507962962974,-0.0007116666663016247
b1c35,batch1,b1c35,7C(30%)-3.6C,primary_test,703.0,-3.7726058155960294,-1.4072456671301197,-0.018223341654084003,-0.09448727078656764,-1.2999242276573169,1.0707464,1.0739936,0.0032472000000001167,0.00507919999999995,3.195320964749697e-06,1.0743447123681713,0.017059039,0.017091474,3.243499999999733e-05,0.016967092292929295,32.09733437854189,36.075569,29.54327,11.036444074074083,0.08330999999989253
b1c36,batch1,b1c36,7C(40%)-3C,train,704.0,-3.6695013425959444,-1.350456749794432,-0.02104235085802675,-0.024120388445710322,-1.2877295595088152,1.0778315,1.0802411,0.0024096000000000117,0.004527799999999971,-7.183043908472686e-06,1.0816428948352916,0.016480684,0.016568536,8.785199999999938e-05,0.016437746262626264,32.04688205693082,34.868446,30.028351,11.554803670033683,-0.00016999999958500212
b1c37,batch1,b1c37,7C(40%)-3C,primary_test,648.0,-3.673938893314921,-1.351203133303817,-0.019436824634916583,-0.2364758704805441,-1.2637732127261774,1.0748194,1.0768065,0.0019871000000000194,0.004472400000000043,-9.68095856524431e-06,1.0785237713110698,0.016607935,0.016675115,6.718000000000002e-05,0.01654642202020202,32.95969887229894,36.993626,29.988958,11.561455202020227,0.0002933333335626287
b1c38,batch1,b1c38,7C(40%)-3.6C,train,617.0,-3.4330481735466756,-1.2486008121232726,-0.026764193834967424,-0.06381042216810003,-1.3483479281632569,1.0729513,1.0749754,0.002024100000000084,0.003646500000000108,-9.437124304267239e-06,1.0762827994001236,0.016260354,0.016349318,8.89640000000004e-05,0.01621205696969697,33.69474656343401,37.995705,30.288816,10.23158840067342,0.08305333333349552
b1c39,batch1,b1c39,7C(40%)-3.6C,primary_test,625.0,-3.5045337204530713,-1.274546135729866,-0.024440041487006035,-0.152502333206465,-1.277189897493371,1.0817773,1.0847629,0.0029856000000001437,0.004689399999999955,-3.2944774273345585e-06,1.085827017338693,0.016743599,0.01683517,9.157099999999863e-05,0.016691104555555555,33.50643317156701,38.024876,30.181021,10.242025976430945,0.0825033333334737
b1c40,batch1,b1c40,8C(15%)-3.6C,train,966.0,-4.0552127051547355,-1.5361710582591273,-0.012628807847703542,-0.24850466403431104,-1.2414941194014202,1.0833029,1.0857353,0.0024324000000000012,0.004503299999999877,-8.204863327149238e-06,1.0873484258074624,0.016756468,0.016823037,6.656899999999896e-05,0.01667927321212121,33.45968416375564,38.388569,30.003733,12.087224326599337,-0.00048499999984485953
b1c41,batch1,b1c41,8C(15%)-3.6C,primary_test,1051.0,-4.071513969179501,-1.5450592803081846,-0.012358568562846162,-0.23135631340210783,-1.2429492659603925,1.0789614,1.0821686,0.0032071999999998546,0.0049074999999998425,-1.385528756960918e-07,1.0828938530653474,0.016856873,0.016855884,-9.889999999998511e-07,0.016744890505050507,33.07332253245542,37.576675,30.021296,12.091290892255918,-7.999999982821748e-05
b1c42,batch1,b1c42,8C(25%)-3.6C,train,702.0,-3.6658557852690015,-1.3495987713904598,-0.020599210252813277,-0.10769408431100083,-1.3162418798566866,1.0798725,1.0832821,0.0034095999999999016,0.004959500000000006,2.11359802102667e-06,1.0837813903393116,0.0167679,0.016871214,0.00010331400000000018,0.01671562283838384,33.58506724391689,38.397423,30.125891,11.178124326599383,-0.08355166666681946
b1c43,batch1,b1c43,8C(25%)-3.6C,primary_test,651.0,-3.667779071634814,-1.3506077894518453,-0.019165626778476195,-0.23725353594012447,-1.3026127286464535,1.0682389,1.0688359,0.0005969999999999587,0.003432099999999938,-2.4014810142238766e-05,1.0717469502667492,0.016111452,0.016239306,0.00012785400000000016,0.016104855565656565,33.339782658681436,37.725166,30.034327,11.17782324915825,0.08368666666650171
b1c44,batch1,b1c44,8C(35%)-3.6C,train,616.0,-3.42070000480644,-1.2306443031102845,-0.029329092901317067,0.13907984932279427,-1.2892846015980648,1.0847682,1.0847102,-5.8000000000113516e-05,0.0035623999999998546,-3.361546072974662e-05,1.088556460214389,0.017436398,0.017589169,0.00015277100000000293,0.01741384996969697,32.55333216968653,36.804283,29.747217,10.258049427609434,-0.08314166666717249
b1c45,batch1,b1c45,8C(35%)-3.6C,primary_test,599.0,-3.425292235698853,-1.2261878935345303,-0.02886609052113574,0.11519776583282056,-1.280392401163963,1.0839558,1.0858277,0.0018719000000000374,0.004482499999999945,-1.2920053184909944e-05,1.087818373217481,0.016685704,0.016836088,0.00015038399999999993,0.016674251585858585,33.0005473910965,37.855122,29.696999,10.257274326599303,-0.08297499999962454
b2c0,batch2,b2c0,1C(4%)-6C,train,300.0,-2.745713141665477,-0.8683092642425612,-0.07133827336689072,0.48886246237697145,-0.8824477502085508,1.0700541,1.038452,-0.031602099999999966,0.0035296000000000216,-0.0003547307619047617,1.0788386304733044,0.017505454,0.017292464,-0.0002129899999999997,0.016917243747474747,30.048713446074856,33.972218,26.734909,10.37477348484851,0.4223483333335025
b2c1,batch2,b2c1,2C(10%)-6C,primary_test,148.0,-2.7269009268552273,-0.8600383510560675,-0.07768405682054086,0.9309968125740736,-0.5094314833198457,1.0720705,0.96833885,-0.10373164999999995,0.001545899999999989,-0.0010921046972170684,1.084408327436858,0.017582141,0.016749162,-0.0008329789999999976,0.016869171484848487,32.4100534814678,38.543324,27.851921,10.72596308080812,0.9635233333331907
b2c2,batch2,b2c2,2C(2%)-5C,train,438.0,-3.49325877973462,-1.263094289482448,-0.02449146658534491,-0.17019880095204717,-1.2838328727657737,1.0735391,1.0759984,0.002459299999999942,0.006428299999999831,-1.2791405071119452e-05,1.0786796212545868,0.017894397,0.017662315,-0.00023208199999999804,0.017552895676767676,32.74589101643199,39.198795,28.835936,10.068467895622893,0.09048499999989978
b2c3,batch2,b2c3,2C(7%)-5.5C,primary_test,335.0,-2.9295461799013296,-0.9967926288640481,-0.056715013832377426,0.4220609135432645,-1.0346303883299823,1.0668509,1.046734,-0.020116899999999882,0.0020588999999999746,-0.00022737416821273969,1.0725205381344052,0.016825944,0.016492119,-0.0003338249999999994,0.016190545454545457,33.65516741903765,39.808941,29.275244,10.137257121212132,0.13846000000000203
b2c4,batch2,b2c4,3.6C(22%)-5.5C,train,444.0,-3.352005048686579,-1.1937645767713467,-0.0322315015538469,0.16003399268822763,-1.1373703168595537,1.0728973,1.0650914,-0.007805899999999921,0.002749899999999972,-0.00010675010018552866,1.0773306450084519,0.016936054,0.016080894,-0.0008551600000000006,0.01618886293939394,32.9024450940803,38.022896,29.794935,10.144656565656542,0.1198700000000823
b2c5,batch2,b2c5,3.6C(2%)-4.85C,primary_test,480.0,-3.6026950184150652,-1.3178567781795072,-0.022220247486145744,-0.07932932924717329,-1.273671277597151,1.0680153,1.070745,0.002729700000000168,0.005005300000000101,-1.1376598639455212e-06,1.0720320358045765,0.017180175,0.016871674,-0.0003085009999999992,0.01685332808080808,32.05251533041326,36.829567,29.224894,10.133229612794622,0.00010000000014187549
b2c6,batch2,b2c6,3.6C(30%)-6C,train,511.0,-3.2443895460665364,-1.1399187112215652,-0.039274778329604375,0.4352605158316442,-1.0128036644455973,1.0687391,1.0521992,-0.01653989999999994,0.003792100000000076,-0.00021438584662956045,1.0756582428245722,0.016829265,0.015800076,-0.0010291889999999998,0.01586556781818182,32.77341800154968,38.299351,29.188963,10.218386481481522,0.14717499999994033
b2c10,batch2,b2c10,3.6C(9%)-5C,primary_test,561.0,-3.6263133993352747,-1.3158540945770287,-0.023504785774040513,0.1655272005478084,-1.0910356400913934,1.0690521,1.0670482,-0.0020039000000000584,0.004889700000000108,-6.0013924551638505e-05,1.0745925687379922,0.018265773,0.017686415,-0.0005793579999999986,0.017765133818181816,33.40783701030165,39.457458,29.682396,10.109577053872055,-0.08034999999993886
b2c11,batch2,b2c11,4C(13%)-5C,train,477.0,-3.462718089422487,-1.2480209783825262,-0.02769346224403372,0.08801698348090896,-1.209469188099545,1.0717047,1.0705185,-0.0011862000000000261,0.004223899999999947,-4.14573419913422e-05,1.0763249385829725,0.017606791,0.017084051,-0.0005227400000000007,0.017195567202020205,33.20898159528337,38.132206,30.125391,10.135728484848487,0.08521333333337644
b2c12,batch2,b2c12,4C(31%)-5,primary_test,458.0,-3.3201098522133483,-1.1775333427892285,-0.03501044314542259,0.3516016325069566,-1.0841283580532208,1.0712759,1.0600308,-0.011245100000000008,0.0029706999999998818,-0.00014801307977736574,1.076501974139353,0.017133227,0.01617695,-0.0009562770000000019,0.01634402229292929,33.60048951209876,39.435226,29.859741,10.166341885521902,-0.033890000000003084
b2c13,batch2,b2c13,4C(40%)-6C,train,483.0,-3.1848180062124536,-1.1138931144467876,-0.03716854800172337,-0.050698993637613814,-1.161868336628713,1.080285,1.0716245,-0.00866049999999996,0.00293180000000004,-0.00012120364131106962,1.0851543129795918,0.017087275,0.016590212,-0.000497062999999999,0.01659616886868687,33.36424175210755,39.087688,29.9837,10.26909826599325,0.10513333333340924
b2c14,batch2,b2c14,4C(4%)-4.85C,primary_test,485.0,-3.4987518062973493,-1.282073165686794,-0.024366548094741317,-0.11279803290007107,-1.3229641692094989,1.0780684,1.0809475,0.0028790999999999123,0.004814700000000061,-3.970303030303231e-06,1.0822715622222223,0.017164165,0.017031098,-0.00013306699999999713,0.017006705616161612,32.86840487751302,38.206268,29.854347,10.14196829966328,0.08292166666651468
b2c17,batch2,b2c17,4.4C(24%)-5C,train,494.0,-3.4289915980285874,-1.237925613063364,-0.024470063872948096,-0.3007086142571141,-1.2581727076931584,1.0656468,1.073837,0.008190200000000036,0.011064600000000091,2.0565896103896263e-05,1.0735338261673881,0.017780064,0.017275661,-0.0005044030000000005,0.01738245408080808,31.430277523225126,35.806377,28.374697,10.148735757575782,0.01568999999993359
b2c18,batch2,b2c18,4.4C(47%)-5.5C,primary_test,487.0,-3.52765465024867,-1.2562295216723036,-0.026516398880862074,0.09958102022815415,-1.011572371266192,1.063838,1.0588086,-0.005029399999999962,0.0037713999999999803,-8.156308843537395e-05,1.0682831104394972,0.017536523,0.017100986,-0.00043553699999999973,0.017111078888888888,32.95677440505808,38.70813,29.016958,10.197226195286191,0.08447499999965657
b2c19,batch2,b2c19,4.4C(55%)-6C,train,461.0,-3.3160048790440793,-1.1901649209336693,-0.0315363000596377,-0.03846874117541009,-1.2304444249470916,1.0480373,1.0328457,-0.015191600000000083,0.0016424999999999912,-0.00017850782312925215,1.051277032312925,0.017928939,0.01689407,-0.0010348690000000008,0.016803818030303026,32.44089419797574,37.402428,29.229534,10.399634276094282,0.20913999999975275
b2c20,batch2,b2c20,4.4C(8%)-4.85C,primary_test,502.0,-3.720936455795167,-1.3593087069041776,-0.020908145891942623,0.0847655753914737,-1.085962933736715,1.0831043,1.0862604,0.003156099999999995,0.006389599999999884,-6.300379715522502e-06,1.0882770415877137,0.017545482,0.017448828,-9.665400000000157e-05,0.017408081727272727,32.652443174412284,38.40601,29.268984,10.140166599326633,-0.08295166666648512
b2c21,batch2,b2c21,4.65C(19%)-4.85C,train,489.0,-3.526536349841589,-1.230650501746874,-0.026208783975850494,0.12807503112581575,-1.1938588714828506,1.0768799,1.0766457,-0.00023419999999996222,0.005136999999999947,-4.3975447124304146e-05,1.0821369467932385,0.017655412,0.017396539,-0.00025887299999999974,0.017412555353535353,32.35872588704418,37.163727,29.150013,10.144018451178432,-0.07970500000010361
b2c22,batch2,b2c22,4.65C(44%)-5C,primary_test,513.0,-3.55434686234817,-1.295833798883936,-0.023680986734106717,-0.053478680921716114,-1.2687503444766817,1.079723,1.0825431,0.002820100000000103,0.005646800000000063,-8.084566481137895e-06,1.0846159310723562,0.017338831,0.016993294,-0.00034553699999999993,0.01701693826262626,31.93073263477864,36.146839,29.35239,10.154668468013481,-0.06749666666680021
b2c23,batch2,b2c23,4.65C(69%)-6C,train,527.0,-3.5262591405911756,-1.2806508087919855,-0.027351231952719345,0.2676053781658962,-1.1686738898605398,1.0745209,1.0714235,-0.003097399999999917,0.0035600000000000076,-6.655335683364276e-05,1.0789011737237684,0.017877026,0.017051566,-0.0008254600000000001,0.017147190141414144,32.25237066740248,36.934685,29.381733,10.314190622895637,0.06194833333332461
b2c24,batch2,b2c24,4.8C(80%)-4.8C,primary_test,495.0,-3.695801909027004,-1.356179169651757,-0.019580447051353398,-0.14064400776525063,-1.1759479173545964,1.0679682,1.0710108,0.0030426000000001174,0.0054579000000001265,2.7728014842300307e-06,1.0719389194475366,0.017488673,0.017228115,-0.000260558000000001,0.017105904363636366,30.080366485164745,36.811321,26.808544,10.04830535353536,0.0005550000001672828
b2c25,batch2,b2c25,4.8C(80%)-4.8C,train,461.0,-3.4524627547437436,-1.2445409385820865,-0.026755635236779773,-0.02246698038809996,-1.2669993101850092,1.0672674,1.0676695,0.00040210000000007184,0.004897099999999988,-3.0330352504638285e-05,1.0720936338363223,0.017678419,0.017124586,-0.0005538330000000001,0.01718564258585859,29.80710204425891,33.972847,27.869812,10.052839006734022,0.010123333333224238
b2c26,batch2,b2c26,4.8C(80%)-4.8C,primary_test,471.0,-3.4071609737940496,-1.2295425911374671,-0.028812072539134304,0.0748635403201679,-1.3106407552293575,1.0766411,1.0773104,0.0006692999999999838,0.005885200000000035,-3.7005583178725555e-05,1.082561314035044,0.018048871,0.017471852,-0.0005770190000000015,0.017570216010101006,31.658500115459308,36.585075,29.097336,10.041589393939397,0.00436999999995713
b2c27,batch2,b2c27,4.9C(27%)-4.75C,train,468.0,-3.5618083547391297,-1.2988643792404329,-0.02303862965749112,-0.09078190936589238,-1.2659572716487815,1.065841,1.0693567,0.0035156999999998995,0.005946000000000007,4.945726654296844e-07,1.070597695985982,0.017624324,0.017357314,-0.00026701000000000155,0.017339433757575757,32.00299248761868,36.62397,29.155989,10.128570050505093,-0.08352666666663389
b2c28,batch2,b2c28,4.9C(61%)-4.5C,primary_test,509.0,-3.522279677918321,-1.2867359862998988,-0.02411709268523863,-0.13164807193991912,-1.297445130149762,1.07155,1.0759076,0.0043576000000000725,0.006313199999999908,6.730389610389912e-06,1.076352866291486,0.017233955,0.017148972,-8.498300000000028e-05,0.017059852101010103,33.061815940618864,38.591679,29.461449,10.150178737373727,-0.016545000000284915
b2c29,batch2,b2c29,4.9C(69%)-4.25C,train,498.0,-3.7089030308241906,-1.3861793724076383,-0.01762193502799477,-0.2857673827106419,-1.3624568969037734,1.0725043,1.0787998,0.006295500000000009,0.00683749999999983,3.2791438466295706e-05,1.0765747517897342,0.017144648,0.01718566,4.101199999999999e-05,0.017032333454545454,33.487092714604984,39.010788,30.02223,10.139228333333326,0.00044166666678613353
b2c30,batch2,b2c30,5.2C(10%)-4.75C,primary_test,481.0,-3.60479416427449,-1.325416644054019,-0.020763688765842718,-0.1991142630932543,-1.2890948320477866,1.0672802,1.071249,0.0039687999999999946,0.005877600000000038,8.458444032158718e-06,1.0717198446068847,0.017789029,0.017473349,-0.0003156800000000022,0.017497465121212124,32.406531360848675,37.101799,29.613438,10.138687828282814,0.0833866666665326
b2c31,batch2,b2c31,5.2C(37%)-4.5C,train,492.0,-3.6270635017270894,-1.3431446904036426,-0.021930201793608623,-0.004593957842831942,-1.3586490974590375,1.0732793,1.0785081,0.005228800000000033,0.006845800000000013,1.2657374149659728e-05,1.078573639574933,0.01768863,0.017651426,-3.7203999999999016e-05,0.017556587828282826,31.786557142522287,35.575104,29.430504,10.142291380471422,0.08321166666670798
b2c32,batch2,b2c32,5.2C(50%)-4.25C,primary_test,519.0,-3.4870701171082983,-1.2379794438180538,-0.02418884449611731,-0.20838005930397047,-1.3054991323034735,1.0742669,1.0795146,0.005247699999999966,0.0066597999999999935,1.782994805194785e-05,1.0787645322453103,0.017645668,0.017755082,0.00010941399999999865,0.017537543707070707,33.24763715966938,39.249191,29.45435,10.137393569023583,0.08321499999995652
b2c33,batch2,b2c33,5.2C(58%)-4C,train,520.0,-3.683620054687148,-1.364790950043344,-0.01974285026082123,-0.07471671696817081,-1.3530181363625307,1.079052,1.0847911,0.005739099999999997,0.006544000000000105,2.068756709956735e-05,1.0835212896334776,0.017695136,0.017794212,9.907600000000003e-05,0.017627388484848485,32.97224982580327,37.553761,29.949514,10.130487676767677,-0.08307000000010412
b2c34,batch2,b2c34,5.2C(66%)-3.5C,primary_test,499.0,-3.7034372387455874,-1.3726435924059983,-0.018675489127689453,-0.12643071866059943,-1.3474658271248725,1.0688509,1.0746909,0.005840000000000067,0.0068525999999999865,2.092682498453919e-05,1.0736106127338694,0.017662423,0.017513853,-0.00014857000000000065,0.01757423709090909,33.431122410662226,38.83897,30.105608,10.158217373737395,-0.00048333333349326324
b2c35,batch2,b2c35,5.2C(71%)-3C,train,463.0,-3.488171401628493,-1.2720555909002396,-0.02349720596326624,-0.18688014653904744,-1.3795529259556338,1.0687217,1.0718495,0.003127799999999903,0.005766500000000008,-2.8044155844174407e-07,1.0733551984790763,0.017460613,0.017082267,-0.00037834599999999816,0.017105114626262626,33.6342839413372,40.031326,30.03739,10.129930101010089,0.08272333333322024
b2c36,batch2,b2c36,5.6C(25%)-4.5C,primary_test,535.0,-3.564054356948233,-1.3095964446659145,-0.02042850415786099,-0.32954284265101375,-1.3207179929450572,1.079731,1.0852383,0.005507300000000104,0.006338799999999978,2.405576004947469e-05,1.0839450360354568,0.02021559,0.020315139,9.954900000000086e-05,0.020188149979797978,33.414651242294276,39.087948,29.841801,10.140430505050517,-0.0005249999999552557
b2c37,batch2,b2c37,5.6C(38%)-4.25C,train,478.0,-3.5231372873422977,-1.291292745571025,-0.023311257159845455,-0.11265371234794913,-1.3788442515951647,1.0748166,1.081265,0.006448400000000021,0.0068574000000001245,3.505037847866443e-05,1.0788960700915275,0.018226312,0.018319724,9.341199999999758e-05,0.01815250490909091,31.945393626512313,36.40403,29.367825,10.13673265993265,0.08273333333321098
b2c38,batch2,b2c38,5.6C(47%)-4C,primary_test,465.0,-3.536241264656527,-1.289183904196945,-0.024707125603273986,0.04045665313697567,-1.3193551725527999,1.0699497,1.074622,0.004672299999999963,0.005798600000000098,1.6458092764378377e-05,1.0741051160568955,0.017847016,0.017811341,-3.56749999999989e-05,0.017742745464646468,32.17443347288497,37.465702,29.400135,10.129633686868685,1.4999999983444923e-05
b2c39,batch2,b2c39,5.6C(58%)-3.5C,train,459.0,-3.5055978071589906,-1.2836224533640956,-0.025512914100660915,0.050302844711813205,-1.3871948371953673,1.0784613,1.0863159,0.007854599999999934,0.0084206,3.186357946815105e-05,1.0842843988612658,0.018174672,0.018249137,7.446499999999925e-05,0.018061325636363635,32.129761209101325,36.903049,29.399006,10.130638686868684,-0.08374833333339993
b2c40,batch2,b2c40,5.6C(5%)-4.75C,primary_test,499.0,-3.5598626846034156,-1.2985098662990684,-0.0238973269931096,0.0315894195355597,-1.3134568638159831,1.0765519,1.0798434,0.0032915000000000028,0.006568300000000082,-1.9930679035250196e-05,1.0822686636206968,0.017582053,0.017112505,-0.0004695480000000002,0.017196623707070705,33.3410543545083,39.397137,29.524549,10.135643552188554,0.0010450000001576143
b2c41,batch2,b2c41,5.6C(65%)-3C,train,429.0,-3.43908203442455,-1.2473349212311016,-0.025823461939052657,-0.13595647963467153,-1.3806244106516372,1.0682049,1.0736984,0.00549350000000004,0.007903900000000075,1.6646565244279537e-05,1.073882671637188,0.0179385,0.01785991,-7.858999999999991e-05,0.017788922626262627,33.13252315037761,38.922901,29.400105,10.141692306397326,0.08356666666659329
b2c42,batch2,b2c42,6C(20%)-4.5C,primary_test,466.0,-3.587295399410688,-1.301274614377093,-0.023693164423773016,0.07671260717935179,-1.24424273312075,1.0780239,1.082616,0.004592099999999988,0.0060867000000000004,1.1841173778602306e-05,1.0825180445817355,0.017394457,0.017301504,-9.295299999999979e-05,0.017218092343434344,33.13768962997446,39.339207,29.589365,10.136828434343444,0.00038000000010107726
b2c43,batch2,b2c43,6C(31%)-4.25C,train,462.0,-3.3949683603243996,-1.2260292720019408,-0.028338761981709485,-0.010141831236202036,-1.3617956982410178,1.0735646,1.0790776,0.005512999999999879,0.007075399999999954,1.2511228200370937e-05,1.0789762526143065,0.01812768,0.018218031,9.035099999999893e-05,0.0181268601010101,33.01174006776376,38.905258,29.649296,10.131395993265997,0.08355666666635919
b2c44,batch2,b2c44,6C(40%)-4C,primary_test,457.0,-3.4525813382033177,-1.244631656549312,-0.02647451631806089,-0.04075354164192799,-1.2930399359563824,1.070887,1.0763599,0.005472900000000003,0.006365600000000082,2.227312801484236e-05,1.0752136421884149,0.01761589,0.017802216,0.00018632600000000055,0.017676611858585857,33.028337173785644,39.444595,29.683577,10.132399242424222,-0.00019500000004590845
b2c45,batch2,b2c45,6C(4%)-4.75C,train,487.0,-3.6884176625214473,-1.3613512233846539,-0.020855718520282458,0.028860295959305324,-1.2972087444918443,1.0704726,1.0730408,0.0025682000000000205,0.005185599999999901,-7.0604366110079885e-06,1.0748679741863534,0.017153347,0.017026441,-0.00012690599999999955,0.01699986706060606,32.61634777559467,37.933308,29.381407,10.137635353535334,0.08356999999984183
b2c46,batch2,b2c46,6C(52%)-3.5C,primary_test,429.0,-3.368943335394509,-1.2199132469467104,-0.03008208641228789,0.0622967872226835,-1.3554859723387906,1.0726138,1.0795197,0.00690590000000002,0.007384199999999952,2.9379857761286466e-05,1.077631965638013,0.017752018,0.017999796,0.0002477779999999971,0.01780114795959596,32.31134416709594,37.894932,29.27129,10.132154276094296,0.08332000000009465
b2c47,batch2,b2c47,6C(60%)-3C,primary_test,713.0,-4.033930642894341,-1.5285140977215297,-0.011988542154881238,-0.27146857251669937,-1.210870366571767,1.0421375,1.0470229,0.00488540000000004,0.008112700000000084,-9.553367965367662e-06,1.049389155099567,0.017923383,0.017087102,-0.0008362810000000012,0.01721999815151515,32.405519276530356,36.923679,29.348475,10.130466952861942,0.08319666666648118
b3c0,batch3,b3c0,5C(67%)-4C-newstructure,secondary_test,1009.0,-4.245114870317645,-1.6324268476284225,-0.01010217739369119,-0.19512162119318682,-1.1718837880266881,1.0674551,1.0694544,0.001999299999999815,0.003916099999999867,-5.34619542362361e-06,1.0706590913201401,0.015398955,0.015270543,-0.00012841200000000136,0.015235852282828284,32.194853230782606,33.974361,30.642652233872806,10.042610084175084,-0.000986666666237923
b3c1,batch3,b3c1,5.3C(54%)-4C-newstructure,secondary_test,1063.0,-4.28554271039912,-1.6512245320053403,-0.009621018929360837,-0.2863695436051661,-1.1239942266253167,1.0650603,1.0664777,0.001417400000000013,0.003679599999999894,-1.4719340754483133e-05,1.0684723580956503,0.015162034,0.015059211,-0.00010282300000000015,0.014984559090909092,34.83231929224147,38.707848,31.221146,10.041381363636303,0.002126666667269461
b3c3,batch3,b3c3,5.6C(36%)-4.3C-newstructure,secondary_test,1115.0,-4.116607770381197,-1.5712722684801177,-0.010705414352713173,-0.4795495922194519,-1.0204009571273698,1.0628892,1.0635946,0.0007053999999999672,0.0026450000000000085,-1.2654854669140369e-05,1.0652984177901466,0.015006617,0.015062672,5.60549999999993e-05,0.014999963767676767,36.08374244976545,40.076626,31.780437,10.041502946127975,-0.0015566666666320117
b3c4,batch3,b3c4,5.6C(19%)-4.6C-newstructure,secondary_test,1048.0,-4.178465673149821,-1.6053684086049191,-0.01010643886890673,-0.4358594530739962,-1.108117428835132,1.0724765,1.0738586,0.0013821000000000527,0.0027884999999998605,-5.233104514533014e-06,1.074804658027211,0.015246842,0.015179508,-6.733400000000049e-05,0.015129103909090906,32.11715379681872,33.39357830787951,30.86325642415428,10.045573973063998,0.002208333333449275
b3c5,batch3,b3c5,5.6C(36%)-4.3C-newstructure,secondary_test,828.0,-4.114423974726586,-1.594395867927963,-0.011445765437692483,-0.16298210025008258,-1.2847293776559767,1.0514506,1.0518515,0.00040090000000003734,0.0026052000000000852,-1.602090043290077e-05,1.0539742073362193,0.015374157,0.015206923,-0.00016723399999999874,0.01518261805050505,35.56013985266867,40.19554382518285,31.605618939619383,10.042010656565727,0.0016933333329998135
b3c6,batch3,b3c6,3.7C(31%)-5.9C-newstructure,secondary_test,667.0,-3.5257081929454923,-1.2740749260804134,-0.028517561100453784,0.48315863084518784,-0.8670783975112881,1.0626124,1.04378,-0.01883239999999997,0.00045920000000010397,-0.00020239778849721706,1.0640819993345703,0.013527169,0.013847317,0.00032014799999999927,0.013730660939393938,34.1072055276095,37.461433,30.943061172088374,10.080923367003404,0.05449333333332618
b3c7,batch3,b3c7,4.8C(80%)-4.8C-newstructure,secondary_test,1836.0,-4.488742187967907,-1.768045874915885,-0.007037779014879844,-0.34078293270641924,-1.200764084320108,1.0675218,1.0684743,0.0009525000000001338,0.003397199999999989,-2.357448361162712e-06,1.0702976551189447,0.015535541,0.015500138,-3.5402999999999823e-05,0.015428265515151515,32.79694473003086,34.60008198094648,31.00022334239158,11.040740218855252,0.0011983333327716394
b3c8,batch3,b3c8,5C(67%)-4C-newstructure,secondary_test,828.0,-4.091803757442373,-1.5710723604574097,-0.011806368426415048,-0.21507198874661293,-1.2791535075636502,1.0647362,1.067026,0.0022898000000000085,0.003978199999999932,-3.308951144093748e-06,1.0681748474174397,0.015438134,0.015265453,-0.00017268099999999918,0.015253319353535355,33.05552416009523,35.5458971642776,30.969942,10.043270673400722,-0.0008500000001117058
b3c9,batch3,b3c9,5.3C(54%)-4C-newstructure,secondary_test,1039.0,-3.982296953008088,-1.5290712116059078,-0.01447801181075607,-0.05584860799805732,-1.3472162794731597,1.0694826,1.0724456,0.002963000000000049,0.00388809999999995,6.680531849102647e-07,1.0728252555501958,0.015903223,0.015873827,-2.9396000000000977e-05,0.0157985837979798,33.08832983925303,35.6854391223452,31.020124803456543,10.04115065656567,-0.0010399999999197718
b3c10,batch3,b3c10,4.8C(80%)-4.8C-newstructure,secondary_test,1078.0,-4.4113559240265765,-1.7191252386508329,-0.008335183582489896,-0.2449564866670881,-1.1918753068944838,1.0617746,1.0623909,0.0006163000000001251,0.003226200000000068,-2.8759653679657666e-06,1.0645252641327563,0.015551002,0.015407138,-0.00014386399999999876,0.01537307471717172,32.5348014795901,35.20887742320281,30.42616190989248,11.039443922558931,0.0004433333334112888
b3c11,batch3,b3c11,5.6C(19%)-4.6C-newstructure,secondary_test,817.0,-3.884921164468091,-1.4674064416533914,-0.015620691175653465,-0.14019258288482342,-1.2656063363142074,1.0680679,1.0682998,0.0002318999999999516,0.0026927999999999397,-1.768216573902283e-05,1.070729462169862,0.015608084,0.015558524,-4.955999999999884e-05,0.015524714272727273,34.20373702283128,38.22832463770115,31.117903,10.042466936026983,0.0023416666665667663
b3c12,batch3,b3c12,5.6C(36%)-4.3C-newstructure,secondary_test,932.0,-3.9467899768101886,-1.4984625676823458,-0.01531489306361951,0.009007907579175856,-1.2833709230089114,1.0741653,1.0755343,0.0013689999999999536,0.002777699999999994,-6.67946320346324e-06,1.0766760324213565,0.016139418,0.016099032,-4.0385999999999894e-05,0.016047835363636364,33.2205731520236,36.11585579982815,30.951786787726437,10.042442037037002,-0.0016683333339937434
b3c13,batch3,b3c13,5.6C(19%)-4.6C-newstructure,secondary_test,816.0,-4.094466485311571,-1.5583663773653675,-0.01176548019743392,-0.2582687355469186,-1.1979388802958741,1.065558,1.067306,0.0017480000000000828,0.004086699999999999,-1.218519356833612e-05,1.0693350771952177,0.015250437,0.015105296,-0.00014514099999999967,0.015128562717171716,34.11768528185422,37.80334001741199,31.008408624872537,10.042358249158227,0.0014516666664956546
b3c14,batch3,b3c14,5.6C(36%)-4.3C-newstructure,secondary_test,858.0,-3.999667694941731,-1.533393919034542,-0.013203557332650977,-0.19204286282934238,-1.3198368224743084,1.0727056,1.0763919,0.0036863000000000312,0.005038600000000004,4.6361076066786625e-06,1.0767793645726655,0.015668793,0.015591383,-7.740999999999998e-05,0.015551921989898992,33.11953606667905,36.101499457512425,30.790092,10.041858265993287,-0.000588333333627844
b3c15,batch3,b3c15,5.9C(15%)-4.6C-newstructure,secondary_test,876.0,-4.000684421929468,-1.530408515674226,-0.013340330831580071,-0.15382378764959165,-1.2842654825214415,1.0684187,1.0693594,0.0009406999999999055,0.002858699999999992,-1.1564622139765345e-05,1.0711365179513501,0.015417448,0.015327176,-9.027200000000062e-05,0.015306011222222221,33.51055049283859,37.344582,30.48859917220236,10.04163658249164,0.0001383333328703884
b3c16,batch3,b3c16,4.8C(80%)-4.8C-newstructure,secondary_test,1638.0,-4.694513499472995,-1.8712132821312482,-0.005323302354980101,-0.05327197818466717,-0.8886326372546569,1.061009,1.0625579,0.0015488999999999642,0.0033308999999999145,-9.691301175015842e-06,1.0640031119154811,0.015453937,0.015333001,-0.00012093599999999857,0.015311050717171716,34.94134876933804,38.21816186151848,31.641069440702125,11.040587407407404,-0.015016666667118983
b3c17,batch3,b3c17,5.3C(54%)-4C-newstructure,secondary_test,1315.0,-4.439713079764758,-1.7475744000986955,-0.007236216829825155,0.01669800531483665,-0.8152410862997628,1.0664514,1.0664585,7.0999999999266095e-06,0.002599599999999924,-5.833125541125629e-06,1.0673452964733043,0.015524552,0.015362277,-0.00016227499999999992,0.015443586646464644,35.07228784758459,38.138309,31.041136885840285,10.042102811447801,-0.0011483333333064394
b3c18,batch3,b3c18,5.6C(19%)-4.6C-newstructure,secondary_test,1146.0,-4.254052001185467,-1.6297503059145464,-0.010342257243667845,-0.2289617001770088,-1.0571234004912051,1.0680237,1.0670015,-0.0010221999999999731,0.0021301000000000236,-2.9274941249226636e-05,1.0703619310946197,0.015098186,0.015060746,-3.7439999999999696e-05,0.015015526535353539,35.2914180269327,38.518787,32.020798,10.04310829966328,-0.001865000000057293
b3c19,batch3,b3c19,5.6C(36%)-4.3C-newstructure,secondary_test,1155.0,-4.171941874669042,-1.5969883629889903,-0.011545479663150093,-0.12087812859596625,-1.1118817229154592,1.0719248,1.0708553,-0.0010694999999998345,0.0019749000000000017,-2.969135807050069e-05,1.0742350855242218,0.015555796,0.015513306,-4.249000000000093e-05,0.01546349318181818,35.09835953689969,38.401493,31.769892,10.043189629629584,0.00029833333367967896
b3c20,batch3,b3c20,5C(67%)-4C-newstructure,secondary_test,813.0,-4.066344693269561,-1.55172674423117,-0.011919383387319954,-0.33953004746091525,-1.182800467385303,1.0650502,1.0664401,0.001389899999999944,0.0030607000000000273,-7.154074211502926e-06,1.0678147557645845,0.015409848,0.015333491,-7.635700000000085e-05,0.015263322232323233,33.10212248197412,36.232254,30.598567437403773,10.043380471380493,0.0009550000000064784
b3c21,batch3,b3c21,3.7C(31%)-5.9C-newstructure,secondary_test,772.0,-3.704326685729231,-1.363751396832805,-0.02353870422305198,0.5061397443817519,-0.8460875667678058,1.0678563,1.0538316,-0.014024700000000001,0.0008403999999999634,-0.00015949170191713045,1.0701122666967633,0.013943589,0.014177526,0.00023393700000000003,0.014093014131313133,34.900399416468076,38.317612,31.554761921167493,10.079161515151517,0.03339999999952781
b3c22,batch3,b3c22,5.9C(60%)-3.1C-newstructure,secondary_test,1002.0,-4.046822397094466,-1.5465390127724639,-0.013722550516362944,0.05292211155889781,-1.2689736256162139,1.0562643,1.0569046,0.000640299999999927,0.002844599999999975,-1.598876437847878e-05,1.0589703502156258,0.015852775,0.015729792,-0.00012298300000000012,0.015685687353535354,34.61069656408486,37.97354076473168,31.405123,10.04255023569017,-0.0010666666671266256
b3c24,batch3,b3c24,5C(67%)-4C-newstructure,secondary_test,825.0,-4.155254994876533,-1.6060319403400782,-0.010345482795288031,-0.33574880640024823,-1.261852210004365,1.0462732,1.050084,0.003810800000000114,0.004855700000000018,9.650588744588584e-06,1.049949028054834,0.015751192,0.015600633,-0.0001505590000000015,0.015554037858585858,34.68760501613314,37.871063,31.712324162858778,10.041832441077416,-0.0007983333334173892
b3c25,batch3,b3c25,5.3C(54%)-4C-newstructure,secondary_test,989.0,-4.1465607447332715,-1.5755063124244277,-0.010925821646167616,-0.36635097992559806,-1.073334512646299,1.0611302,1.0643663,0.003236100000000075,0.004340299999999964,6.950843537415409e-06,1.0644680120300969,0.015752004,0.015702758,-4.924599999999932e-05,0.015641851515151513,35.58186389191699,39.595110804534556,31.926973,10.042413013468028,0.0010650000001390936
b3c26,batch3,b3c26,5.6C(19%)-4.6C-newstructure,secondary_test,1028.0,-4.219507413901045,-1.6165591632709488,-0.01013959278346487,-0.3421554787701476,-1.060483006313052,1.0720186,1.074435,0.0024163999999999852,0.0037909000000000415,-4.2884230055633336e-07,1.0751341679270252,0.015693368,0.015650999,-4.2369000000000434e-05,0.015593572727272726,35.745916536891265,39.786995,31.812666,10.042290858585826,0.002345000000302022
b3c27,batch3,b3c27,5.6C(36%)-4.3C-newstructure,secondary_test,850.0,-4.130132310934438,-1.575113615428363,-0.01070991087322853,-0.36115454159106597,-1.1141485878220703,1.0604171,1.0627574,0.002340299999999962,0.004035500000000081,-4.035370439084673e-06,1.063914866518656,0.015073455,0.014973907,-9.954799999999965e-05,0.014919440515151516,35.30844806776433,38.98098,31.88298,10.045002356902378,-0.0017999999996387572
b3c28,batch3,b3c28,3.7C(31%)-5.9C-newstructure,secondary_test,541.0,-3.451657893017001,-1.2378383926134868,-0.03025611921470947,0.2996423874831566,-0.9803013452957265,1.0518668,1.0340093,-0.01785750000000008,0.0008316999999999908,-0.00019802208534322815,1.0546211465545248,0.013169404,0.013605327,0.00043592300000000125,0.01342088496969697,35.69688828820833,39.85648636436463,31.972694,10.088611986532047,0.08372166666667802
b3c29,batch3,b3c29,5.9C(15%)-4.6C-newstructure,secondary_test,858.0,-4.0635761002012085,-1.5387795593022975,-0.011300575148553208,-0.3484488624765838,-1.1797578358031433,1.0663688,1.0696349,0.0032661000000000495,0.0048319999999999474,4.077620284476882e-06,1.0702923110624616,0.014962286,0.014796775,-0.00016551100000000013,0.014824126747474747,31.262889334066085,31.999889,30.393116,10.041979612794579,-2.8333333467855937e-05
b3c30,batch3,b3c30,5.3C(54%)-4C-newstructure,secondary_test,935.0,-4.1002255467806545,-1.5728845665772753,-0.011137570899382837,-0.3873119059789263,-1.1369092977243447,1.0687393,1.0710108,0.002271499999999982,0.0036004999999998955,-3.416536796536511e-06,1.0718801746897546,0.015732529,0.015618403,-0.00011412599999999912,0.015572678929292929,32.24311941023021,34.756857996430846,30.474829,10.04344259259257,0.0003383333341240302
b3c31,batch3,b3c31,5.9C(60%)-3.1C-newstructure,secondary_test,731.0,-3.8396030254357147,-1.4483132816471656,-0.01635054856148944,-0.12085281622375779,-1.2916363144954703,1.0681812,1.0698149,0.0016336999999999602,0.0034605000000000885,-8.999562152133594e-06,1.0712586655485465,0.015983483,0.015953651,-2.983200000000047e-05,0.015875272090909092,34.00003070157337,37.242977,30.816336554657795,10.045700723905673,0.0009516666672428897
b3c33,batch3,b3c33,5C(67%)-4C-newstructure,secondary_test,1284.0,-4.395898333073689,-1.7014541887150514,-0.00784867836178756,-0.42003516917202466,-1.0089250725849936,1.060272,1.0609198,0.0006477999999998652,0.00264439999999988,-1.259104514533092e-05,1.062801338251907,0.015511206,0.015357213,-0.00015399299999999984,0.015340797171717173,33.10710984192206,34.695709,31.415869,10.043259696969717,-0.00038166666636207935
b3c34,batch3,b3c34,5.3C(54%)-4C-newstructure,secondary_test,1158.0,-4.305659504591576,-1.6673617546311603,-0.00955200556777299,-0.184080259057273,-1.1558151157732177,1.061535,1.0615493,1.430000000013365e-05,0.0027430999999999983,-2.115797278911534e-05,1.064325069743558,0.015438841,0.015331933,-0.00010690799999999931,0.015302312080808081,35.77943527518051,39.49040963165045,31.956257,10.043539814814821,-0.0009283333340128763
b3c35,batch3,b3c35,5.6C(19%)-4.6C-newstructure,secondary_test,1093.0,-4.234858289724564,-1.6377423618849243,-0.009826425701495065,-0.29633616843670796,-1.1528187004497665,1.0633804,1.0632331,-0.00014730000000007237,0.002049399999999979,-1.9530938775509824e-05,1.0654954172714906,0.01549053,0.015414515,-7.601500000000046e-05,0.01537437201010101,35.532941501822236,39.086731,31.761244,10.043588619528593,-0.0009416666667672047
b3c36,batch3,b3c36,5.6C(36%)-4.3C-newstructure,secondary_test,923.0,-4.253457920681209,-1.6386157036816351,-0.009908357469924613,-0.2511211297987009,-1.0968264561935654,1.0575287,1.0577667,0.00023799999999996047,0.003076099999999915,-2.197191960420531e-05,1.0604838153745622,0.015267849,0.015179561,-8.82880000000006e-05,0.0151344318989899,35.87907157748097,39.893036,31.939495,10.043494949494974,0.0005866666671252574
b3c38,batch3,b3c38,5C(67%)-4C-newstructure,secondary_test,1935.0,-4.342053043792284,-1.695789490226726,-0.008693083372975452,-0.054164715839684595,-1.1768867699503416,1.0701473,1.0710695,0.0009221999999999841,0.0025093000000000476,-8.787589363017988e-06,1.0724309185726653,0.015988033,0.015872136,-0.00011589700000000022,0.01583589924242424,34.745836319764145,38.268311,30.966864,10.043707962962927,-0.005276666667246133
b3c39,batch3,b3c39,5.3C(54%)-4C-newstructure,secondary_test,1156.0,-4.454635076566319,-1.758007558315108,-0.006428438589560583,-0.29253860298053624,-1.003013467519955,1.0474036,1.0495038,0.0021002000000001075,0.004107000000000083,-6.583238095237747e-06,1.0509187956479076,0.015740704,0.01558543,-0.00015527400000000038,0.015563160080808082,33.887021839840784,36.491322,30.99731619825322,10.043092710437712,-3.6666665740980875e-05
b3c40,batch3,b3c40,5.6C(19%)-4.6C-newstructure,secondary_test,796.0,-4.29510827493732,-1.6565166769039124,-0.009078861478925766,-0.3154308934543946,-1.138512905318865,1.0593235,1.0617574,0.002433899999999989,0.004510000000000014,-7.692147186147422e-06,1.0633916873852816,0.015561919,0.015327614,-0.00023430500000000062,0.015390749383838383,34.05341123035083,38.358112,30.658075,10.043764865319858,-0.0005349999994592736
b3c41,batch3,b3c41,5.6C(36%)-4.3C-newstructure,secondary_test,786.0,-4.2195093707566445,-1.6163103876714375,-0.009748050525024678,-0.3571335569959481,-1.0631301344503463,1.0505219,1.0541531,0.0036312000000000566,0.004361900000000141,9.732244897959272e-06,1.0538777989445476,0.01854171,0.018368578,-0.00017313199999999945,0.018306992535353537,33.640262798950594,37.245838,30.47063701600857,10.043162962962906,0.0013016666668903554
b3c44,batch3,b3c44,5.3C(54%)-4C-newstructure,secondary_test,940.0,-4.131495522376496,-1.5852750745744224,-0.011231061096491921,-0.2446163658848556,-1.2383958928034313,1.06972,1.0729284,0.003208399999999889,0.004184900000000047,4.689736549164844e-06,1.0730782133349825,0.015722955,0.01561721,-0.00010574500000000084,0.015572503777777776,33.35164903826186,36.881859,30.183569,10.043212407407367,-0.016316666666778445
b3c45,batch3,b3c45,4.8C(80%)-4.8C-newstructure,secondary_test,1801.0,-4.5208508005857535,-1.7830965362089448,-0.007131752461986142,-0.328143045978365,-1.1771286021323724,1.0695485,1.0711251,0.001576599999999928,0.0025961999999999374,-1.2584539270266782e-07,1.0714722756907853,0.015742011,0.015662471,-7.953999999999947e-05,0.015618692474747477,32.72596355233115,35.085537,30.620083,11.038587558922575,-0.0017116666669600988
