cell_id,protocol_id,replicate_id,protocol_type,protocol_variant,efc_lifetime,cycles_90,average_current,normalized_current_variance,maximum_discharge_current,relative_charge_fraction,rest_fraction_at_high_soc,rest_soc,peak_frequency_1,peak_frequency_2
cell_007,CC_(100%_storage)_Co10,A,CC,(100% storage),348.4922328,371.3486566,0.0602349852692704,0.03972474395558055,0.10023712519873695,0.0,0.39740590384640645,1.0,1.8398421474370672e-05,7.359368589748269e-05
cell_008,CC_(100%_storage)_Co10,B,CC,(100% storage),348.5723826,371.3000756,0.0602349852692704,0.03972474395558055,0.10023712519873695,0.0,0.39740590384640645,1.0,1.8398421474370672e-05,7.359368589748269e-05
cell_023,CC_(100%_storage)_Co2,A,CC,(100% storage),414.1129887,478.063048,0.1127820214693967,0.38717786025111844,0.5010492103432196,0.0,0.7744156388761148,1.0,3.585257587389419e-05,7.170515174778839e-05
cell_024,CC_(100%_storage)_Co2,B,CC,(100% storage),402.3981211,462.3861657,0.1127820214693967,0.38717786025111844,0.5010492103432196,0.0,0.7744156388761148,1.0,3.585257587389419e-05,7.170515174778839e-05
cell_015,CC_(100%_storage)_Co5,A,CC,(100% storage),371.1434155,404.5841189,0.08573366014611584,0.11424893807337085,0.20080018311001424,0.0,0.5712925593839842,1.0,2.644872960111037e-05,5.2897459202220755e-05
cell_016,CC_(100%_storage)_Co5,B,CC,(100% storage),374.2128281,407.5517248,0.08573366014611584,0.11424893807337085,0.20080018311001424,0.0,0.5712925593839842,1.0,2.644872960111037e-05,5.2897459202220755e-05
cell_003,CC_(5%_storage)_Co10,A,CC,(5% storage),461.2573902,497.4511837,0.060334748632947355,0.03962482385176,0.10084687570999995,0.0,9.178353770467728e-07,0.08680192664753915,1.8352665697073234e-05,7.341066278829293e-05
cell_004,CC_(5%_storage)_Co10,B,CC,(5% storage),453.6388264,488.9891612,0.060334748632947355,0.03962482385176,0.10084687570999995,0.0,9.178353770467728e-07,0.08680192664753915,1.8352665697073234e-05,7.341066278829293e-05
cell_019,CC_(5%_storage)_Co2,A,CC,(5% storage),599.2031081,691.710373,0.1135342388275393,0.38642715214918677,0.50093842984,0.0,0.0,0.11867467415620035,3.578393687724547e-05,7.156787375449093e-05
cell_020,CC_(5%_storage)_Co2,B,CC,(5% storage),597.3291626,689.6611899,0.1135342388275393,0.38642715214918677,0.50093842984,0.0,0.0,0.11867467415620035,3.578393687724547e-05,7.156787375449093e-05
cell_011,CC_(5%_storage)_Co5,A,CC,(5% storage),513.7269836,562.1114863,0.08595068251395235,0.1140325622300299,0.20130464638,0.0,0.0,0.09560773250954205,2.6399157066830634e-05,5.279831413366128e-05
cell_012,CC_(5%_storage)_Co5,B,CC,(5% storage),515.4792786,563.2254371,0.08595068251395235,0.1140325622300299,0.20130464638,0.0,0.0,0.09560773250954205,2.6399157066830634e-05,5.279831413366128e-05
cell_005,CC_(50%_storage)_Co10,A,CC,(50% storage),435.403301,467.268025,0.06029227289057035,0.03966724904691985,0.1006889444791088,0.0,0.0,0.5000067263899304,3.674343033942538e-05,7.348686067885076e-05
cell_006,CC_(50%_storage)_Co10,B,CC,(50% storage),431.7397127,462.94419,0.06029227289057035,0.03966724904691985,0.1006889444791088,0.0,0.0,0.5000067263899304,3.674343033942538e-05,7.348686067885076e-05
cell_021,CC_(50%_storage)_Co2,A,CC,(50% storage),513.0812771,584.7549354,0.11324061683251521,0.3867208942765926,0.5013504211191722,0.0,0.0,0.4999989858053596,0.0001432408706588,0.00021486130598824998
cell_022,CC_(50%_storage)_Co2,B,CC,(50% storage),540.8246249,623.2342468,0.11324061683251521,0.3867208942765926,0.5013504211191722,0.0,0.0,0.4999989858053596,0.0001432408706588,0.00021486130598824998
cell_013,CC_(50%_storage)_Co5,A,CC,(50% storage),483.776362,526.7805267,0.08584298156469665,0.11414057366715755,0.2011334401540858,0.0,0.0,0.4999975439123604,5.2847141456575414e-05,0.00010569428291309999
cell_014,CC_(50%_storage)_Co5,B,CC,(50% storage),482.596368,524.1846783,0.08584298156469665,0.11414057366715755,0.2011334401540858,0.0,0.0,0.4999975439123604,5.2847141456575414e-05,0.00010569428291309999
cell_055,CC_(no_storage)_Co10,A,CC,(no storage),471.1907897,509.3486892,0.09995934316621335,1.87584744182512e-08,0.1003891050599771,0.0,0.0,0.0,6.0805983997275186e-05,0.0001216119679945
cell_056,CC_(no_storage)_Co10,B,CC,(no storage),470.2181559,508.1957676,0.09995934316621335,1.87584744182512e-08,0.1003891050599771,0.0,0.0,0.0,6.0805983997275186e-05,0.0001216119679945
cell_017,CC_(no_storage)_Co2,A,CC,(no storage),642.4142075,741.6463169,0.4999590477148063,6.681018424982567e-09,0.5002059968,0.0,0.0,0.0,0.0003147128245476,0.0006294256490952
cell_009,CC_(no_storage)_Co5,A,CC,(no storage),552.447676,609.0272335,0.19998325742164902,1.2259787584738617e-08,0.2013046463699999,0.0,0.0,0.0,0.00012275214837065,0.0002455042967414
cell_010,CC_(no_storage)_Co5,B,CC,(no storage),559.2829139,616.934852,0.19998325742164902,1.2259787584738617e-08,0.2013046463699999,0.0,0.0,0.0,0.00012275214837065,0.0002455042967414
cell_091,Drive_City1_Co10,A,Drive,City1,534.7362818,555.8402944,0.08615938263229975,0.18218530557227636,1.261394595953312,0.1407380572413267,0.0025423873464246504,0.6363982767055372,5.5723500003848785e-05,0.00011144700000765
cell_092,Drive_City1_Co10,B,Drive,City1,554.3564128,576.974573,0.08615938263229975,0.18218530557227636,1.261394595953312,0.1407380572413267,0.0025423873464246504,0.6363982767055372,5.5723500003848785e-05,0.00011144700000765
cell_089,Drive_City1_Co16,A,Drive,City1,562.4923141,729.4220501,0.0574611694261817,0.13181234284165386,0.872937731395031,0.1409712617181496,0.00657753188873515,0.7543961783424721,5.122688386865427e-05,0.0001024537677373
cell_090,Drive_City1_Co16,B,Drive,City1,538.1390456,700.5167973,0.0574611694261817,0.13181234284165386,0.872937731395031,0.1409712617181496,0.00657753188873515,0.7543961783424721,5.122688386865427e-05,0.0001024537677373
cell_095,Drive_City2_Co10,A,Drive,City2,476.2634307,503.4276276,0.09335971918322311,0.0899014144959158,0.8824350567397146,0.07545742854195431,0.00113723655297105,0.49201429616284753,5.794833906789376e-05,0.0001158966781357
cell_096,Drive_City2_Co10,B,Drive,City2,489.4908403,521.4295913,0.09335971918322311,0.0899014144959158,0.8824350567397146,0.07545742854195431,0.00113723655297105,0.49201429616284753,5.794833906789376e-05,0.0001158966781357
cell_093,Drive_City2_Co16,A,Drive,City2,511.0566177,702.8799585,0.059404016400379706,0.0618181270909758,0.5880442449372734,0.07810034333686175,0.00391206688636465,0.674941982144569,5.268773306084108e-05,0.0001053754661216
cell_094,Drive_City2_Co16,B,Drive,City2,557.3342798,766.7532492,0.059404016400379706,0.0618181270909758,0.5880442449372734,0.07810034333686175,0.00391206688636465,0.674941982144569,5.268773306084108e-05,0.0001053754661216
cell_025,Periodic_A_Co10,A,Periodic,A,501.6962405,524.2291515,0.10075335033055599,0.2190887094251607,0.3012723735456475,0.06885563432677355,0.25844681048967144,0.5525728248710163,0.0024786602894701,0.00498830383255855
cell_026,Periodic_A_Co10,B,Periodic,A,509.7293568,539.5310312,0.10075335033055599,0.2190887094251607,0.3012723735456475,0.06885563432677355,0.25844681048967144,0.5525728248710163,0.0024786602894701,0.00498830383255855
cell_041,Periodic_A_Co2,A,Periodic,A,623.1829979,772.9105144,0.5106488898032813,0.9883211012996427,1.501411535738567,0.06414351271591989,0.24891146996490585,0.5482182797979397,0.00219409438949905,0.002362870880999
cell_042,Periodic_A_Co2,B,Periodic,A,651.5926878,815.7827921,0.5106488898032813,0.9883211012996427,1.501411535738567,0.06414351271591989,0.24891146996490585,0.5482182797979397,0.00219409438949905,0.002362870880999
cell_033,Periodic_A_Co5,A,Periodic,A,589.5513109,667.536131,0.20167794570018685,0.41351831042796816,0.601247424960344,0.06671537591831965,0.24580369570972543,0.5520788660951461,0.0024142312969203496,0.0048284625938408
cell_034,Periodic_A_Co5,B,Periodic,A,554.8049105,619.5035007,0.20167794570018685,0.41351831042796816,0.601247424960344,0.06671537591831965,0.24580369570972543,0.5520788660951461,0.0024142312969203496,0.0048284625938408
cell_027,Periodic_B_Co10,A,Periodic,B,504.6302002,550.2085002,0.10027175974031344,0.20902350321493965,0.3005397115964412,0.0339089508877352,0.275848764170714,0.5470516044723321,0.00222222222433905,0.00444444444867815
cell_028,Periodic_B_Co10,B,Periodic,B,512.54751,558.2568443,0.10027175974031344,0.20902350321493965,0.3005397115964412,0.0339089508877352,0.275848764170714,0.5470516044723321,0.00222222222433905,0.00444444444867815
cell_043,Periodic_B_Co2,A,Periodic,B,618.7975596,784.5258847,0.5274765565800699,0.9661355924601058,1.5008230716384987,0.03171901543922495,0.3026612052277722,0.5670983951016146,0.0021287929824982503,0.0042575859649965995
cell_044,Periodic_B_Co2,B,Periodic,B,670.2309912,856.4668697,0.5274765565800699,0.9661355924601058,1.5008230716384987,0.03171901543922495,0.3026612052277722,0.5670983951016146,0.0021287929824982503,0.0042575859649965995
cell_035,Periodic_B_Co5,A,Periodic,B,519.3104616,583.8367549,0.2038866613034196,0.4022302353583439,0.6010450904099569,0.032998523077918604,0.2910332865923529,0.5545034510818407,0.00217537591687745,0.00435075183375495
cell_036,Periodic_B_Co5,B,Periodic,B,577.5589117,652.956218,0.2038866613034196,0.4022302353583439,0.6010450904099569,0.032998523077918604,0.2910332865923529,0.5545034510818407,0.00217537591687745,0.00435075183375495
cell_029,Periodic_C_Co10,A,Periodic,C,509.2185037,554.0370064,0.10225620152607405,0.4140606689107771,0.5012382696303758,0.04068113580483745,0.3243111938087607,0.5542285017764297,0.00147030621325775,0.0029406124265155
cell_030,Periodic_C_Co10,B,Periodic,C,519.1230266,578.2532618,0.10225620152607405,0.4140606689107771,0.5012382696303758,0.04068113580483745,0.3243111938087607,0.5542285017764297,0.00147030621325775,0.0029406124265155
cell_045,Periodic_C_Co2,A,Periodic,C,525.5398973,751.1934438,0.6053902712049517,1.8619904019247517,2.5003144884388924,0.0365483175886248,0.47143966010487887,0.6249336056291673,0.0013744261549104501,0.0027488523098209003
cell_046,Periodic_C_Co2,B,Periodic,C,549.7556406,813.881073,0.6053902712049517,1.8619904019247517,2.5003144884388924,0.0365483175886248,0.47143966010487887,0.6249336056291673,0.0013744261549104501,0.0027488523098209003
cell_037,Periodic_C_Co5,A,Periodic,C,625.7864553,752.109939,0.20428976913466407,0.8051335537843084,1.0013824673847818,0.039750734010216504,0.34017276710925937,0.548655288510739,0.0014507567157013,0.0029015134314026
cell_038,Periodic_C_Co5,B,Periodic,C,628.4741049,756.197323,0.20428976913466407,0.8051335537843084,1.0013824673847818,0.039750734010216504,0.34017276710925937,0.548655288510739,0.0014507567157013,0.0029015134314026
cell_031,Periodic_D_Co10,A,Periodic,D,514.0558617,553.5687225,0.09824341248336865,0.4072494672846396,0.5011805905162807,0.0389738243810099,0.33983808484719236,0.5599453352866014,0.0097379054189159,0.01947581083783185
cell_032,Periodic_D_Co10,B,Periodic,D,506.9005331,545.445157,0.09824341248336865,0.4072494672846396,0.5011805905162807,0.0389738243810099,0.33983808484719236,0.5599453352866014,0.0097379054189159,0.01947581083783185
cell_047,Periodic_D_Co2,A,Periodic,D,684.6693484,897.744032,0.5238906503588345,1.726482780713146,2.5004847512655997,0.0297599753132083,0.38316279887388716,0.6307009933427725,0.0104964314356753,0.0209928628713507
cell_048,Periodic_D_Co2,B,Periodic,D,684.1697996,897.8359583,0.5238906503588345,1.726482780713146,2.5004847512655997,0.0297599753132083,0.38316279887388716,0.6307009933427725,0.0104964314356753,0.0209928628713507
cell_039,Periodic_D_Co5,A,Periodic,D,579.6263103,668.2905145,0.1976093584236582,0.776557194096896,1.0013994048987578,0.0365414506698574,0.34554431897649585,0.5724303314685486,0.00981019480880535,0.01962038961761075
cell_040,Periodic_D_Co5,B,Periodic,D,626.3419818,732.6420907,0.1976093584236582,0.776557194096896,1.0013994048987578,0.0365414506698574,0.34554431897649585,0.5724303314685486,0.00981019480880535,0.01962038961761075
cell_049,Periodic_E_Co10,A,Periodic,E,492.4320373,518.9099549,0.1014121517404824,0.25560571902081086,0.4013401235615533,0.03609481939622165,0.26399270644332806,0.5561613959345365,0.0023754825900894998,0.00478222153004865
cell_050,Periodic_E_Co10,B,Periodic,E,506.251754,535.1077212,0.1014121517404824,0.25560571902081086,0.4013401235615533,0.03609481939622165,0.26399270644332806,0.5561613959345365,0.0023754825900894998,0.00478222153004865
cell_053,Periodic_E_Co2,A,Periodic,E,638.6355934,855.6097014,0.5589871647142424,1.1559912610020826,2.0003808651883115,0.0225709100267312,0.36923324989748124,0.6027832766506688,0.00194912867242925,0.00389825734485855
cell_054,Periodic_E_Co2,B,Periodic,E,649.4748382,861.4729165,0.5589871647142424,1.1559912610020826,2.0003808651883115,0.0225709100267312,0.36923324989748124,0.6027832766506688,0.00194912867242925,0.00389825734485855
cell_051,Periodic_E_Co5,A,Periodic,E,514.7582258,591.5549779,0.20010995869639725,0.4933545109779074,0.8013824673842889,0.030266480160919353,0.26026546095509234,0.546915450502949,0.0021011755164867503,0.00216484750183485
cell_052,Periodic_E_Co5,B,Periodic,E,596.7211156,695.625615,0.20010995869639725,0.4933545109779074,0.8013824673842889,0.030266480160919353,0.26026546095509234,0.546915450502949,0.0021011755164867503,0.00216484750183485
cell_059,Synthetic_1a_Co10,A,Synthetic,1a,571.231688,595.3422783,0.10231052984437945,0.5867405865040498,1.4578339507017453,0.0641114621958372,0.2533673476867101,0.4947458871233159,0.00029160674528765,0.00032400749476405
cell_060,Synthetic_1a_Co10,B,Synthetic,1a,562.7877916,586.0966324,0.10231052984437945,0.5867405865040498,1.4578339507017453,0.0641114621958372,0.2533673476867101,0.4947458871233159,0.00029160674528765,0.00032400749476405
cell_057,Synthetic_1a_Co16,A,Synthetic,1a,477.9460448,475.2913778,0.0648627870613972,0.368051796426516,0.9121598834095905,0.0646740907351112,0.23642525220945637,0.5268434451282313,0.0003220134449694,0.0006440268899388501
cell_058,Synthetic_1a_Co16,B,Synthetic,1a,444.23637,437.9793747,0.0648627870613972,0.368051796426516,0.9121598834095905,0.0646740907351112,0.23642525220945637,0.5268434451282313,0.0003220134449694,0.0006440268899388501
cell_061,Synthetic_1a_Co5,A,Synthetic,1a,711.0206595,813.7011391,0.2249553634446954,1.1157445111576216,2.900196794184217,0.0713392990122052,0.29471129544593533,0.49138128325328956,0.0002265354563997,0.0003020472751996
cell_062,Synthetic_1a_Co5,B,Synthetic,1a,707.9366413,803.0861442,0.2249553634446954,1.1157445111576216,2.900196794184217,0.0713392990122052,0.29471129544593533,0.49138128325328956,0.0002265354563997,0.0003020472751996
cell_071,Synthetic_1b_Co10,A,Synthetic,1b,712.8595694,774.8436134,0.11651369522570479,0.568304547159107,1.8569981099197772,0.0744245291361371,0.0008540769510159501,0.32993599592414635,3.74594969320973e-05,7.49189938641946e-05
cell_072,Synthetic_1b_Co10,B,Synthetic,1b,684.3532243,738.6529734,0.11651369522570479,0.568304547159107,1.8569981099197772,0.0744245291361371,0.0008540769510159501,0.32993599592414635,3.74594969320973e-05,7.49189938641946e-05
cell_063,Synthetic_1b_Co16,A,Synthetic,1b,536.9935562,548.5054516,0.06472376227281024,0.3642451922333489,1.1611475919320542,0.06552490561441965,0.00096516867616605,0.3725244279856885,6.089392278650592e-05,8.119189704867455e-05
cell_064,Synthetic_1b_Co16,B,Synthetic,1b,502.2807898,512.5579159,0.06472376227281024,0.3642451922333489,1.1611475919320542,0.06552490561441965,0.00096516867616605,0.3725244279856885,6.089392278650592e-05,8.119189704867455e-05
cell_065,Synthetic_2a_Co10,A,Synthetic,2a,534.8032272,484.5616656,0.09020561233617036,0.20445699225910624,0.6243533986111439,0.2099254964662946,0.0026714387349191498,0.5440832814244962,0.0026830590346037866,0.0053400841589027505
cell_066,Synthetic_2a_Co10,B,Synthetic,2a,543.4396941,493.3622393,0.09020561233617036,0.20445699225910624,0.6243533986111439,0.2099254964662946,0.0026714387349191498,0.5440832814244962,0.0026830590346037866,0.0053400841589027505
cell_069,Synthetic_2a_Co2,A,Synthetic,2a,851.9559778,898.8375075,0.4480871155479462,0.986275612475114,2.900476411836921,0.2136630105600827,0.0004448024853874,0.5376896152829653,0.002520572332038,0.0053376825854923
cell_070,Synthetic_2a_Co2,B,Synthetic,2a,847.5253598,887.9892051,0.4480871155479462,0.986275612475114,2.900476411836921,0.2136630105600827,0.0004448024853874,0.5376896152829653,0.002520572332038,0.0053376825854923
cell_067,Synthetic_2a_Co5,A,Synthetic,2a,690.8196817,658.2364911,0.17943272239993524,0.40761586863786825,1.2475794208658066,0.21155482504705395,0.001500264186919,0.5238319300186517,0.0026115473444644497,0.00530642496362855
cell_068,Synthetic_2a_Co5,B,Synthetic,2a,682.3695245,650.6211918,0.17943272239993524,0.40761586863786825,1.2475794208658066,0.21155482504705395,0.001500264186919,0.5238319300186517,0.0026115473444644497,0.00530642496362855
cell_073,Synthetic_2b_Co10,A,Synthetic,2b,429.2230468,433.9269308,0.10415346929738226,0.08100910353766799,0.5267359083756289,0.06055206284931115,0.002015864600086,0.539274338143888,6.012693811978491e-05,0.036241463145900196
cell_074,Synthetic_2b_Co10,B,Synthetic,2b,467.8786987,481.1303615,0.10415346929738226,0.08100910353766799,0.5267359083756289,0.06055206284931115,0.002015864600086,0.539274338143888,6.012693811978491e-05,0.036241463145900196
cell_077,Synthetic_2b_Co2,A,Synthetic,2b,747.8316557,874.2536489,0.5331560049268214,0.38766211019562763,2.6269150269130366,0.0578497671146498,0.00014691100193325,0.5731149792979827,0.00032655775969374996,0.0360846324461647
cell_078,Synthetic_2b_Co2,B,Synthetic,2b,671.0626062,777.1255305,0.5331560049268214,0.38766211019562763,2.6269150269130366,0.0578497671146498,0.00014691100193325,0.5731149792979827,0.00032655775969374996,0.0360846324461647
cell_075,Synthetic_2b_Co5,A,Synthetic,2b,580.9410711,622.7747592,0.2105053290194622,0.1607071261469008,1.051039304566099,0.0609117402798205,0.00057649749690145,0.5577179198526975,0.00012396209406040002,0.02167179180084555
cell_076,Synthetic_2b_Co5,B,Synthetic,2b,582.4611902,619.5490519,0.2105053290194622,0.1607071261469008,1.051039304566099,0.0609117402798205,0.00057649749690145,0.5577179198526975,0.00012396209406040002,0.02167179180084555
cell_081,Synthetic_2c_Co10,A,Synthetic,2c,408.0300407,411.0156829,0.09620871589241255,0.10061864004054616,0.5182762599170125,0.09952261071717235,0.0012400699371441,0.5459965119207135,5.7872268969568004e-05,0.06393413293135919
cell_082,Synthetic_2c_Co10,B,Synthetic,2c,514.6848762,528.2529601,0.09620871589241255,0.10061864004054616,0.5182762599170125,0.09952261071717235,0.0012400699371441,0.5459965119207135,5.7872268969568004e-05,0.06393413293135919
cell_085,Synthetic_2c_Co2,A,Synthetic,2c,739.2136998,864.5785776,0.4886077662128345,0.48404441110629626,2.5859596548357766,0.0976019188293279,3.943964369291761e-05,0.5453280918602939,0.00031553208361685,0.0637374808906084
cell_086,Synthetic_2c_Co2,B,Synthetic,2c,757.6487638,885.6320222,0.4886077662128345,0.48404441110629626,2.5859596548357766,0.0976019188293279,3.943964369291761e-05,0.5453280918602939,0.00031553208361685,0.0637374808906084
cell_084,Synthetic_2c_Co5,A,Synthetic,2c,617.9762814,655.3062428,0.1927127831690194,0.1995581823485167,1.0357061090653843,0.0994984363014102,0.000377647961291,0.5293450997410617,0.0001180149879034,0.0639051159497256
cell_079,Synthetic_3_Co10,A,Synthetic,3,588.2175996,615.9759717,0.1025966265748238,0.4947091828189615,1.456767093767085,0.08480112441068804,0.2532041444302931,0.5098371328880564,0.0002585942172543,0.0005495127116655
cell_080,Synthetic_3_Co10,B,Synthetic,3,589.0878159,612.93806,0.1025966265748238,0.4947091828189615,1.456767093767085,0.08480112441068804,0.2532041444302931,0.5098371328880564,0.0002585942172543,0.0005495127116655
cell_087,Synthetic_3_Co5,A,Synthetic,3,641.6080585,694.777468,0.2624753722708293,0.8895986548644557,2.8999638974620754,0.1161164107898019,0.3352475746280803,0.6038252327289299,0.0001715413439982,0.0005146240319947001
cell_088,Synthetic_3_Co5,B,Synthetic,3,654.066195,699.9965285,0.2624753722708293,0.8895986548644557,2.8999638974620754,0.1161164107898019,0.3352475746280803,0.6038252327289299,0.0001715413439982,0.0005146240319947001
