cell_id,experiment_id,condition_no,electrode_id,replicate_index,loading_regime,target_coating_weight_gsm,roll_temperature_c,target_density_g_cm3,target_porosity_pct,roll_gap_um,number_of_passes,active_mass_g,rate_performance_5c_over_0_2c,discharge_capacity_0_2c_mah_g,discharge_capacity_5c_mah_g,first_cycle_loss_pct,cycle_50_capacity_c2_mah,cycle_50_retention_pct
DD001,EXP_01,1,NEX_CAT_240_L_85_P,1,LOW,122.48,85.0,2.7,39.44,475.0,2,0.019737792,0.7725476512805216,411.37419674197565,124.58603289441265,,2.99977,98.19053697975482
DD002,EXP_01,1,NEX_CAT_240_L_85_P,2,LOW,122.48,85.0,2.7,39.44,475.0,2,0.019753152000000003,0.7667843894979701,413.7712750582141,124.28044399129975,9.086438153390263,3.02784,98.27331031080415
DD056,EXP_01,1,NEX_CAT_240_L_85_P,3,LOW,122.48,85.0,2.7,39.44,475.0,2,0.020199936,0.7588688529677902,412.7117254841194,122.63500735843914,9.54000430466725,3.07612996936639,98.30743714247103
DD032,EXP_02,2,NEX_CAT_240_L_85_M,1,LOW,122.48,85.0,2.95,33.83,462.0,1,0.019346112000000002,0.7773010255633033,447.98155619227,126.89152631805294,8.550986235609969,2.98021378539058,98.08906767763396
DD033,EXP_02,2,NEX_CAT_240_L_85_M,2,LOW,122.48,85.0,2.95,33.83,462.0,1,0.019463615999999996,0.7810733358129851,448.7791643635288,126.96321587931043,9.067909758742632,2.97951835660875,98.10751545503649
DD034,EXP_02,2,NEX_CAT_240_L_85_M,3,LOW,122.48,85.0,2.95,33.83,462.0,1,0.019529088,0.7741604008965864,450.09228769305645,125.78460960388935,10.402248319294005,2.99709420614818,98.21837797173124
DD020,EXP_03,3,NEX_CAT_240_L_85_D,1,LOW,122.48,85.0,3.2,28.22,458.0,3,0.019135391999999998,0.8170347003154574,485.157308507645,135.35129042561553,11.065573770491799,2.84733153411805,94.3725665585225
DD021,EXP_03,3,NEX_CAT_240_L_85_D,2,LOW,122.48,85.0,3.2,28.22,458.0,3,0.019190688,0.785099182707105,475.9619919500005,127.22806967629299,9.354613760928387,2.87225565030998,97.33399887117429
DD022,EXP_03,3,NEX_CAT_240_L_85_D,3,LOW,122.48,85.0,3.2,28.22,458.0,3,0.019311455999999998,0.7820860908397282,482.1054364064982,127.57284950445995,8.605255201257256,2.96575394759495,98.06822272618331
DD013,EXP_04,4,NEX_CAT_240_L_120_P,1,LOW,122.48,120.0,2.7,39.44,400.0,1,0.020408543999999997,0.7503180255722243,411.4121152153204,122.23663334336837,9.102939356516027,3.06784750812709,97.84979794631516
DD015,EXP_04,4,NEX_CAT_240_L_120_P,2,LOW,122.48,120.0,2.7,39.44,400.0,1,0.020555712,0.7359081256828631,414.87719552584963,120.0332549901458,9.03237786628932,3.15525726126558,97.88697100771908
DD057,EXP_04,4,NEX_CAT_240_L_120_P,3,LOW,122.48,120.0,2.7,39.44,400.0,1,0.01999536,0.7303360937526202,417.6507343115193,118.035430219811,9.564640790617862,3.04828950927919,98.5629162518171
DD035,EXP_05,5,NEX_CAT_240_L_120_M,1,LOW,122.48,120.0,2.95,33.83,395.0,1,0.019968768,0.7655306423225288,448.75146308052143,124.239462344397,9.109957549723024,3.06880561489151,98.44510474986126
DD036,EXP_05,5,NEX_CAT_240_L_120_M,2,LOW,122.48,120.0,2.95,33.83,395.0,1,0.019657248000000002,0.7766314548459481,456.43968120297956,127.13133191380602,26.174252853148015,2.95964969183398,96.48144993215139
DD037,EXP_05,5,NEX_CAT_240_L_120_M,3,LOW,122.48,120.0,2.95,33.83,395.0,1,0.019665984,0.7609753746735407,455.8732710011844,124.35864892394908,9.081838934645647,3.02859578460156,98.03825315252173
DD038,EXP_06,6,NEX_CAT_240_L_120_D,1,LOW,122.48,120.0,3.2,28.22,390.0,2,0.019898015999999998,0.7857376910543891,481.21440527620587,127.42778224723511,8.704483175555533,3.04418663289626,98.20876754063333
DD039,EXP_06,6,NEX_CAT_240_L_120_D,2,LOW,122.48,120.0,3.2,28.22,390.0,2,0.019367711999999995,0.7939821832289875,496.0240328192782,129.36892494064352,26.039133928859627,2.8986064725093,96.38867053567022
DD040,EXP_06,6,NEX_CAT_240_L_120_D,3,LOW,122.48,120.0,3.2,28.22,390.0,2,0.019530144,0.7854963171791973,499.16522540462324,127.72556771726825,8.179005305223452,2.98827678768151,97.87735842422566
DD004,EXP_07,7,NEX_CAT_240_L_145_P,1,LOW,122.48,145.0,2.7,39.44,460.0,1,0.020097407999999994,0.6990532515408954,408.5628471723406,112.40354321717341,9.373913700357084,3.04054,98.05315213921075
DD005,EXP_07,7,NEX_CAT_240_L_145_P,2,LOW,122.48,145.0,2.7,39.44,460.0,1,0.019869503999999996,0.6749843292847721,403.15482790860693,108.3251872393214,10.662093123809269,3.00697,98.36600238148202
DD006,EXP_07,7,NEX_CAT_240_L_145_P,3,LOW,122.48,145.0,2.7,39.44,460.0,1,0.020077344,0.6888296348538492,398.81622121245067,110.5781507209117,19.125237110845816,3.04956,98.35989433655548
DD041,EXP_08,8,NEX_CAT_240_L_145_M,1,LOW,122.48,145.0,2.95,33.83,450.0,1,0.019763904,0.7635514719722382,452.75432684467864,123.3119418106868,9.66395822808771,3.02381336892088,98.51299795370325
DD042,EXP_08,8,NEX_CAT_240_L_145_M,2,LOW,122.48,145.0,2.95,33.83,450.0,1,0.019952927999999998,0.7852224582612204,456.7583922635903,126.72128170862945,9.304674485037056,3.05527792184545,98.56875407595719
DD043,EXP_08,8,NEX_CAT_240_L_145_M,3,LOW,122.48,145.0,2.95,33.83,450.0,1,0.020027231999999996,0.7842294877853806,461.0299460308278,127.27066676013943,8.76982782429051,3.08122791559649,98.46446475513308
DD023,EXP_09,9,NEX_CAT_240_L_145_D,1,LOW,122.48,145.0,3.2,28.22,446.0,1,0.020313984000000004,0.7789273101989866,491.6585559101482,126.42213511638089,8.523259125072592,3.11083435656805,98.19770853526649
DD024,EXP_09,9,NEX_CAT_240_L_145_D,2,LOW,122.48,145.0,3.2,28.22,446.0,1,0.020490240000000003,0.7712983672713384,496.869977191461,125.42260510369812,8.362368488063654,3.13524499865015,97.9011011432356
DD025,EXP_09,9,NEX_CAT_240_L_145_D,3,LOW,122.48,145.0,3.2,28.22,446.0,1,0.019998816,0.7709013973632403,495.7577615374386,124.8650095085629,10.808179462208523,3.04656782527638,97.84879780658531
DD059,EXP_10,10,NEX_CAT_240_H_85_P,1,HIGH,182.73,85.0,2.7,39.44,495.0,1,0.029598432000000004,0.17945676345113126,411.1635864866184,28.719287562260053,10.051214497775462,4.27408589291267,94.0767146152794
DD027,EXP_10,10,NEX_CAT_240_H_85_P,2,HIGH,182.73,85.0,2.7,39.44,495.0,1,0.029968608000000004,0.08690753136211087,418.02715629327315,13.965716725982066,9.142194598665599,3.29909274239553,71.6049248616759
DD028,EXP_10,10,NEX_CAT_240_H_85_P,3,HIGH,182.73,85.0,2.7,39.44,495.0,1,0.02958672,0.030001065045999205,418.3133038357689,4.813694792798931,9.457667342470867,2.81766848388897,62.72746517380341
DD053,EXP_11,11,NEX_CAT_240_H_85_M,1,HIGH,182.73,85.0,2.95,33.83,476.0,1,0.029581728,0.45895261166005175,457.4964163441554,74.44832397891021,8.539089670276056,4.47960978861981,99.24741299637027
DD055,EXP_11,11,NEX_CAT_240_H_85_M,2,HIGH,182.73,85.0,2.95,33.83,476.0,1,0.029738976,0.46141115216901557,460.3579886084211,74.91705262481129,8.643366099618,4.5505234205895,97.89150715337792
DD058,EXP_11,11,NEX_CAT_240_H_85_M,3,HIGH,182.73,85.0,2.95,33.83,476.0,1,0.029817120000000003,0.5377656555834927,460.9243841370925,87.19266984873119,9.081040750997428,4.52890812930822,97.61176408530729
DD007,EXP_12,12,NEX_CAT_240_H_85_D,1,HIGH,182.73,85.0,3.2,28.22,466.0,2,0.029152128,0.2983365669954545,491.4513017492744,48.42814455099013,8.623324519161546,3.9488,87.0117049781413
DD008,EXP_12,12,NEX_CAT_240_H_85_D,2,HIGH,182.73,85.0,3.2,28.22,466.0,2,0.029097312000000004,0.2913415381270937,489.87075518537597,47.229371434734794,9.125975813724574,4.43754,97.98879128741206
DD009,EXP_12,12,NEX_CAT_240_H_85_D,3,HIGH,182.73,85.0,3.2,28.22,466.0,2,0.028930368000000005,0.3197645653149953,486.926319755469,51.822784250896696,8.994380871942765,4.33716,96.52053739726851
DD050,EXP_13,13,NEX_CAT_240_H_120_P,1,HIGH,182.73,120.0,2.7,39.44,420.0,2,0.030604992000000008,0.3213698957109528,416.69703170728565,51.91292583902651,9.508151502993234,4.27804301363534,90.11749099121653
DD051,EXP_13,13,NEX_CAT_240_H_120_P,2,HIGH,182.73,120.0,2.7,39.44,420.0,2,0.03061296,0.1298662290753571,415.8800228072422,20.93153814593558,9.211734780747216,4.45662033505294,94.36370748322389
DD052,EXP_13,13,NEX_CAT_240_H_120_P,3,HIGH,182.73,120.0,2.7,39.44,420.0,2,0.030646656000000005,0.39426788259916523,419.19463004885176,63.98323523453912,8.638992587967198,4.56152120434138,95.20899147935744
DD047,EXP_14,14,NEX_CAT_240_H_120_M,1,HIGH,182.73,120.0,2.95,33.83,410.0,2,0.030195648000000005,0.3930429640109091,466.32677201808906,1.92244223,9.069667524971791,4.47619370606409,95.03046914895226
DD048,EXP_14,14,NEX_CAT_240_H_120_M,2,HIGH,182.73,120.0,2.95,33.83,410.0,2,0.03016704,0.39521656366390295,465.68366653794436,1.93040781,8.780049701767167,4.13385442422959,88.01101731718666
DD049,EXP_14,14,NEX_CAT_240_H_120_M,3,HIGH,182.73,120.0,2.95,33.83,410.0,2,0.030069984,0.4760328389406274,456.74304280568754,2.31789432,8.882384467941362,4.40038066711955,93.97630541830596
DD016,EXP_15,15,NEX_CAT_240_H_120_D,1,HIGH,182.73,120.0,3.2,28.22,400.0,2,0.029527200000000003,0.368862522771229,491.4843046560164,60.17552155300875,15.325801974686982,4.10740422029852,88.84972302337039
DD017,EXP_15,15,NEX_CAT_240_H_120_D,2,HIGH,182.73,120.0,3.2,28.22,400.0,2,0.029624448,0.4103204043371477,491.56376638301236,66.72992759223733,8.498942431302382,4.08926699896759,88.30007692447032
DD018,EXP_15,15,NEX_CAT_240_H_120_D,3,HIGH,182.73,120.0,3.2,28.22,400.0,2,0.029848704,0.325537073713028,495.3081390683885,52.94419918533146,8.40633904091016,4.45462461762547,95.75759766993401
DD029,EXP_16,16,NEX_CAT_240_H_145_P,1,HIGH,182.73,145.0,2.7,39.44,480.0,1,0.029966496000000006,0.20976062482229532,424.86700489045984,33.75033070266206,9.525585903728729,3.46886029324677,75.14386381804528
DD030,EXP_16,16,NEX_CAT_240_H_145_P,2,HIGH,182.73,145.0,2.7,39.44,480.0,1,0.030093696000000003,0.12689697930264204,425.49375587656704,20.361321852922284,9.32473203179467,3.30149690751393,71.5028450580005
DD031,EXP_16,16,NEX_CAT_240_H_145_P,3,HIGH,182.73,145.0,2.7,39.44,480.0,1,0.029855136000000004,0.18469384343342957,429.82210377545204,29.718614244463662,9.317983172729495,3.99409791395028,86.45775072338135
DD044,EXP_17,17,NEX_CAT_240_H_145_M,1,HIGH,182.73,145.0,2.95,33.83,473.0,3,0.030177312,0.4638024831450612,458.0563168372199,75.0509458894152,8.781435743003453,4.52613953778942,96.35116264771213
DD045,EXP_17,17,NEX_CAT_240_H_145_M,2,HIGH,182.73,145.0,2.95,33.83,473.0,3,0.030211872000000004,0.3925002135869448,458.50177166988124,63.502095467636025,17.074248267404634,4.22924774464752,90.00713997829264
DD046,EXP_17,17,NEX_CAT_240_H_145_M,3,HIGH,182.73,145.0,2.95,33.83,473.0,3,0.030269664,0.40410407320039826,458.86522139007167,65.3063704308049,8.828038939857452,4.32841020285023,91.96937643621605
DD010,EXP_18,18,NEX_CAT_240_H_145_D,1,HIGH,182.73,145.0,3.2,28.22,460.0,2,0.029697216,0.2810840323957275,490.78360251101265,45.527984508189014,8.783032245486522,4.17002,90.29633078180656
DD011,EXP_18,18,NEX_CAT_240_H_145_D,2,HIGH,182.73,145.0,3.2,28.22,460.0,2,0.02975424,0.2719626821160239,492.9771963119712,44.16266037591372,8.579048458392702,3.98032,85.83585105442376
DD012,EXP_18,18,NEX_CAT_240_H_145_D,3,HIGH,182.73,145.0,3.2,28.22,460.0,2,0.029773248,0.2917861214740354,491.634450783078,47.22246653800905,8.884272690539873,4.38868,94.95073625180113
