Library,Area,i_lim [A/cm^2],k^0 [cm/s],alpha [a.u.]
Ir-rich,6,7.19054115909547,0.0039443273974914,0.2693612028793185
Ir-rich,42,7.1161265945561345,0.0033459908557697,0.2718015881563959
Ir-rich,54,7.22948786157054,0.0036034630429698,0.3042699889033106
Ir-rich,158,7.1678277512540385,0.003632791865656,0.254087718809123
Ir-rich,178,7.175177727274218,0.0046744203606578,0.3146727584010251
Ir-rich,282,7.620963252423431,0.0034541216825561,0.264280031542719
Ir-rich,294,7.328430064350717,0.0051012403626471,0.2983576108393851
Ir-rich,339,7.688484912997756,0.0030189857258885,0.2768423552496736
Au-rich,279,7.181308583710801,0.0058796042220756,0.3176665709520335
Rh-rich,337,7.802345473944456,0.0010509346190872,0.2876636773019132
Rh-rich,221,8.040064435660492,0.0003247497194505,0.3193616435121987
Rh-rich,279,7.50017712090483,0.0037097848870491,0.2975078013942148
Rh-rich,57,8.155808011901565,0.0013731553679501,0.2612825144372318
Au-rich,75,6.730729487535817,0.0089724095853047,0.3175387966674697
Au-rich,342,6.93129710010667,0.0066415010488602,0.3090825386216021
Au-rich,232,6.6023305163829775,0.0100265707327193,0.3011437974849683
Au-rich,11,6.895731178275192,0.0089232181876303,0.3094791667923666
Au-rich,261,7.1420701712362895,0.0058082504989514,0.2996917180489085
Au-rich,126,6.973460461927973,0.0113602644375692,0.296636228515125
Au-rich,157,6.925348555606316,0.009152833030772,0.3051194142160524
Au-rich,315,6.77188977568487,0.0083613148563229,0.3020960334610648
Au-rich,57,7.035818399640261,0.007124199697355,0.2886002770593384
Ir-rich,1,7.325991314837823,0.0031440430567223,0.2732871975070442
Ir-rich,124,7.510224790554786,0.0054597256148272,0.2642930729780925
Ir-rich,57,7.22469608172583,0.0041792114491099,0.2653098094831216
Ir-rich,230,7.489644972133986,0.0065318089191674,0.259107836893082
Rh-rich,230,7.949332182213539,0.0023794776649293,0.2764918159705819
Rh-rich,342,7.13665967115298,0.0024283626694473,0.2836074740468114
Rh-rich,122,8.068393272878604,0.0020428320635236,0.2688185081692726
Rh-rich,325,7.933547435526736,0.0007821784528217,0.2996408310183884
Rh-rich,273,7.804414035742358,0.003585602339967,0.2777271909361813
Rh-rich,158,8.175884270077136,0.0006209287587223,0.3013976734625215
Rh-rich,150,7.84434703808706,0.0034392721988466,0.2835100683000867
Rh-rich,197,7.444662401739898,0.0052392648477697,0.2934024242367887
Rh-rich,226,7.996175199412813,0.0012328725194941,0.2885620584856995
Rh-rich,46,7.814535961647362,0.0032640099183526,0.2611724349858312
Rh-rich,303,7.898781145160178,0.002087294444116,0.2784962070954219
Rh-rich,1,7.7415016424825165,0.0034572512276922,0.2487177671221976
Rh-rich,126,7.986426951408131,0.0028364381939454,0.2745659324836574
Rh-rich,10,7.517438308425825,0.0052425497384545,0.2677034612439428
Rh-rich,261,8.090989889862241,0.0004324136272056,0.3203942909059143
Rh-rich,323,7.762655240234775,0.0036126223073117,0.2887188325095641
Rh-rich,73,7.545092440132694,0.0063557610120318,0.2744123013846921
Au-rich,236,7.087047581166134,0.0113615634069599,0.2975611571640172
Au-rich,131,7.1305414673983405,0.0119534575946371,0.2984638056350559
Au-rich,206,6.993779985770451,0.0119746206854916,0.296681608263262
Au-rich,1,7.212247255762715,0.0060324492406827,0.2999946145009883
Au-rich,339,7.1783442003148155,0.0101948914770007,0.2921239211240342
Au-rich,6,7.287718360171456,0.0097994949561591,0.2898524341117228
Au-rich,290,7.033949966917577,0.0115492942853652,0.292231403072373
Au-rich,220,7.152719323537889,0.0106677334625726,0.3007161885102055
Au-rich,54,7.045260092853011,0.0128370292309972,0.3035885028244923
Au-rich,102,7.263178523907448,0.0116137304936004,0.2883968461719733
Au-rich,49,7.272298436679664,0.0127667084499457,0.2897418236319295
Au-rich,294,7.120205723660038,0.0114575868417865,0.28697088571449
Au-rich,265,7.154583038772153,0.0106538711251714,0.2881353620050766
Au-rich,202,7.146407522027955,0.0117131851316784,0.2851022113800056
Ir-rich,11,7.209598639769741,0.0044189837551207,0.2938129231106253
Ir-rich,129,7.497621186429372,0.0062568879249484,0.2756701288490344
Ir-rich,221,7.495021820741435,0.006484715199491,0.237105521112453
Ir-rich,49,7.328908361255203,0.0051988725568623,0.27493210373484
Ir-rich,184,7.4442046388817005,0.0066758426511547,0.2513442219611769
Ir-rich,99,7.372934502625733,0.0050969897089469,0.2611004496084428
Ir-rich,75,7.433022141163396,0.0067726354168022,0.2842982784986009
Ir-rich,272,7.552078421591656,0.0084574935197319,0.2629839894483359
Ir-rich,95,7.207393778156444,0.005044458428019,0.2569610927895053
Ir-rich,63,7.4459340071858335,0.0049812880288009,0.2667216452694146
Ir-rich,191,7.608990578846571,0.0069409304152698,0.2687184093743305
Ir-rich,321,7.549394613923311,0.0072627231012273,0.277200715641484
Ir-rich,111,7.41628943000465,0.0065032462326043,0.2881265495604431
Ir-rich,15,7.2965861011132205,0.0037262935177317,0.2745497085335794
Ir-rich,225,7.538419366437436,0.0068846161750521,0.2471491510230689
Ir-rich,167,7.579870848466989,0.0062225163913383,0.2632209672002897
Ir-rich,87,7.474299673310361,0.0058949350168349,0.2755501507221985
Ir-rich,239,7.48809968877596,0.0102901137575119,0.276209755873475
Ir-rich,267,7.558322561428876,0.0067892126707907,0.2584952881024023
Ir-rich,336,7.803974318866682,0.0047825827522221,0.2617703479425159
Ir-rich,141,7.4424837398991235,0.0055174587734106,0.2599436680291903
Ir-rich,3,7.365859464428595,0.0030496300925836,0.2765112507773954
Ir-rich,31,7.523803710746439,0.0046640257500195,0.2690864468029934
Ir-rich,173,7.611456395490154,0.008077760231883,0.2704729247345131
Ir-rich,207,7.512154070692111,0.0060932450504988,0.2628513422161859
Ir-rich,77,7.321708316933563,0.0042591122589267,0.2650797517031067
Ir-rich,181,7.534103054841744,0.0067403321950808,0.2430274328456021
Ir-rich,314,7.8114709381026755,0.0059334152477855,0.2512763218068291
Ir-rich,261,7.694203690284321,0.0066550999165706,0.2374336082161275
Ir-rich,8,7.237501114748763,0.0045120075875866,0.2811525266624224
Ir-rich,37,7.457334851621339,0.0065119199263507,0.2756725996560414
Ir-rich,256,7.567263836427413,0.0093775640287574,0.2701496902060605
Ir-rich,84,7.448765005977267,0.0047438378745882,0.2776679660379758
Ir-rich,122,7.512846833414784,0.0057604471352834,0.2629295692318154
Ir-rich,233,7.62564573529359,0.0080632022947519,0.2642582278938057
Ir-rich,196,7.517181403891624,0.0091021283058437,0.2796181290184543
Ir-rich,90,7.508419618598571,0.0063308871030791,0.2805867355900653
Ir-rich,270,7.534845314940598,0.0078018986216671,0.2673892843151505
Rh-rich,214,7.844049614589486,0.0039307507039215,0.2913366928706605
Rh-rich,331,7.8422055470588,0.0029730350630887,0.2765554867084516
Rh-rich,284,7.957837664988577,0.0015723716594997,0.2842829296004407
Rh-rich,98,8.100946697229745,0.0017512480787874,0.2705966878208989
Rh-rich,182,8.254034319712462,0.0013663926609598,0.2791172995971131
Rh-rich,187,8.091158260979144,0.0024462754259749,0.2770910070823641
Rh-rich,257,7.667090475778177,0.0048421939684794,0.2921405113031635
Rh-rich,220,7.485726256558673,0.0062847882854128,0.298684506634476
Rh-rich,95,8.135821777552506,0.0012858455678496,0.2732006697268077
Rh-rich,153,7.620871204116662,0.0052406055289662,0.2882824272883043
Rh-rich,190,7.90244808227993,0.0033467826298422,0.2819008938310003
Rh-rich,42,8.004710263001707,0.0026978788888363,0.2527134110596424
Rh-rich,252,7.990334948843339,0.0035075404086011,0.2743261195663996
Rh-rich,327,8.038467879228453,0.0016611357294326,0.2811451147141586
Rh-rich,88,7.742342901069536,0.0042478791456355,0.2776919237399825
Rh-rich,157,7.398666601693224,0.0064368488740623,0.2956582138960933
Rh-rich,83,7.896930609967936,0.0028343512141998,0.2719465378318154
Rh-rich,140,8.22188875220856,0.0015988085025423,0.2739004254972505
Rh-rich,321,7.768179599047581,0.0038070776055484,0.28203883201565
Rh-rich,335,7.724262786768705,0.0038507766633244,0.2929153248349245
Rh-rich,263,8.03252048691226,0.0009146452899956,0.2968018390030819
Rh-rich,164,8.176386788094218,0.0021620910561946,0.2724213999959181
Rh-rich,268,8.035645042098853,0.0021958312178771,0.2798240415875244
Rh-rich,110,7.545894569254568,0.0046806282275413,0.2876391829314639
Rh-rich,305,7.953992309999775,0.0030081100425681,0.281227698177021
Rh-rich,294,7.690407669829104,0.0046238461954473,0.293665206634529
Au-rich,154,7.252388924914729,0.0122724589444885,0.3136414914830145
Au-rich,218,7.076976406034631,0.0112609566880539,0.3120311301398406
Au-rich,170,7.10894947956847,0.0142014497462072,0.3076595257037642
Au-rich,335,7.058020419678239,0.0103455895976386,0.3153913576834582
Au-rich,88,7.162920416924919,0.0121769470294086,0.3141536337144765
Au-rich,188,6.974312341222229,0.0138600541854893,0.3048232916330933
Au-rich,269,6.982618086474644,0.0124934479890205,0.306109017963955
Au-rich,163,7.07851367161949,0.0127574184796827,0.3051387843992896
Au-rich,115,7.163657722008747,0.0106692558782138,0.316529213226739
Au-rich,193,7.096766884084895,0.0125141143718165,0.3103824769978709
Au-rich,337,7.221470693481919,0.0090427135614848,0.3045917399647967
Au-rich,304,6.93581622660189,0.0125101072360411,0.3127003632429425
Au-rich,321,6.923128954285116,0.0115104554212935,0.3106917692320714
Au-rich,9,7.025208456757873,0.0107728077754446,0.3074171094602352
Au-rich,47,7.388262636461708,0.0124625656216396,0.2926313996851519
Au-rich,244,7.1721376066286116,0.0105913643775806,0.3025017533834506
Au-rich,254,7.032332451059006,0.011751334815994,0.3130159388148005
Au-rich,92,7.074993317607899,0.0118070641827343,0.315081416198929
Au-rich,145,7.083966849589573,0.013584729900965,0.3080253154699253
Au-rich,248,6.977050627447576,0.0132716337570425,0.3035448690150997
Au-rich,313,7.255168341734253,0.0094097986159613,0.3060176518498347
Au-rich,259,7.190185472989754,0.0114529864078278,0.3104079873959832
Au-rich,128,7.142445649898734,0.0116270910382598,0.3106397168076519
Au-rich,85,7.274137167596925,0.0128674312905112,0.3048040899782341
Au-rich,159,7.120541301826872,0.0123022150241667,0.2961491046428046
Au-rich,195,7.181690683108007,0.0119843482389162,0.3140247265269469
Au-rich,37,7.175829296825226,0.0133551834888864,0.3124980271874042
Au-rich,113,7.129446469407877,0.0116401119993766,0.3152421270136606
Au-rich,292,7.1466546591496805,0.0119403641084833,0.3096098956692295
Au-rich,121,7.157500983736641,0.0114969345518315,0.3064116737850106
Au-rich,3,7.223025603805148,0.0068702661476859,0.3048221442517778
Au-rich,285,7.236558044117765,0.0117287139509857,0.3051702080132795
Au-rich,230,6.9907928125020975,0.0126434948417894,0.3060574158519662
Au-rich,90,7.222535675606533,0.0128478928962437,0.3094242267960465
Au-rich,19,7.30663546629692,0.0114915071759818,0.3032663652384006
Au-rich,200,7.326993056772102,0.0102027867681456,0.3009677444386482
Au-rich,137,7.261242009126905,0.0110955236011449,0.2971886731251839
Au-rich,271,7.095400847793667,0.0132070328295225,0.3110140763376646
Au-rich,319,7.040977884343724,0.012318205932267,0.3138754866129723
Au-rich,341,7.202235640200378,0.0105747132617756,0.317766864610277
Au-rich,336,7.309196410976401,0.0085908278196953,0.318347104895819
Au-rich,204,7.089526213609662,0.0118943366173486,0.3090367904916677
Au-rich,51,7.336619285885128,0.0123562025654381,0.3117250602779954
Au-rich,257,7.186147894527774,0.011989581716385,0.3133786527512028
Au-rich,177,7.206461952273592,0.010018632831883,0.3177334228214247
Au-rich,63,7.180241128482654,0.0107922338368863,0.306715567881817
Au-rich,168,7.20475192049917,0.0134978519795149,0.3139438530060856
Au-rich,241,7.43372348742116,0.0094438998999272,0.3186064782932796
Au-rich,153,7.1587815046597605,0.0118969480892995,0.3173599160163186
Au-rich,78,7.254384839620518,0.0099011975739969,0.2947587311813235
Au-rich,13,7.318108309046248,0.0069406476277709,0.3042775954034119
Au-rich,161,7.364277552489488,0.0123466224307101,0.3032630679386692
Au-rich,221,7.533222288889387,0.0091985620770555,0.2972441239416544
Au-rich,226,7.334157268536741,0.0125225479480638,0.3024619468269203
Au-rich,212,7.20111382378364,0.0128620317805989,0.3125100464505749
Au-rich,309,7.234689206856215,0.0104021645086171,0.3101334681404371
Au-rich,74,7.1825984216889065,0.0116810894352987,0.320613823241148
Au-rich,86,7.311939302057274,0.0129231019324814,0.3106455544055471
Au-rich,186,7.237894902250543,0.0123433301474584,0.3045768493172106
Au-rich,263,7.292524551483046,0.0107123181707945,0.3061900091963466
Au-rich,317,7.111174585875049,0.0110204389385949,0.3103954605404661
Au-rich,143,7.294056571225124,0.0128592872483715,0.3060898477922928
Au-rich,17,7.364632765905036,0.0095489164412648,0.309872119907563
Au-rich,135,7.22187064878102,0.0118132289112228,0.3197115974950537
Au-rich,219,7.254706170799751,0.0113876175973285,0.3189391875509251
Au-rich,210,7.192094430348716,0.0129647012601406,0.3106194635361913
Au-rich,151,7.300668988877096,0.0122024160436973,0.315697763808143
Au-rich,104,7.3066705883321665,0.0115972594005781,0.3096748259123473
Au-rich,44,7.249634252563962,0.009588406768019,0.3042072535189821
Au-rich,283,7.2566066541292225,0.0106225005517259,0.310847937990562
Au-rich,302,7.189995311840946,0.0115922283915803,0.3110151489510233
Au-rich,277,7.28854068308547,0.0106346250567625,0.3119019562828638
Au-rich,334,7.183201059856164,0.0112872913624302,0.3116090151002644
Au-rich,234,7.12305530680156,0.0117479962171418,0.318927998142211
Au-rich,98,7.212950703440664,0.0107211589691719,0.3010584344399893
Au-rich,109,7.255301715078677,0.0120929687992632,0.3202739293550212
Au-rich,196,7.235542998612805,0.0117790267168971,0.3198134815487953
Au-rich,275,7.153808997945033,0.0114221610756655,0.3150908872614487
Au-rich,208,7.150614398818457,0.013282246338351,0.3099790502863213
Au-rich,83,7.327567531141821,0.0108336594025719,0.3101634917347599
Au-rich,21,7.398771875083438,0.0117093280250518,0.3078385696265906
Au-rich,199,7.250829162799845,0.0101525203320496,0.322530161176579
Au-rich,278,7.311249196905312,0.0104620703857491,0.313816807710466
Au-rich,326,7.350549684116795,0.0090902299316052,0.3097797441328027
Au-rich,173,7.237651358685213,0.0113504560355282,0.3164333111405473
Au-rich,216,7.282210694280851,0.0114760296860525,0.3137643976215379
Ir-rich,126,7.714274080391164,0.0048842955293158,0.2872723792912182
Ir-rich,117,7.4497685085263,0.0048421593608954,0.2650202270673142
Ir-rich,61,7.557051527560443,0.0038896198508826,0.2800296459274277
Ir-rich,165,7.761979056911475,0.0053441748563095,0.2736698965375299
Ir-rich,319,7.9394539459486175,0.0075031290544094,0.2746149857850269
Ir-rich,200,7.631861581015313,0.006397798254401,0.2475536596774697
Ir-rich,44,7.596491359892932,0.0034472090295771,0.2818021516470901
Ir-rich,246,7.857528597715309,0.0069458538840426,0.2596185031945385
Ir-rich,341,7.911417299636612,0.0059943391204926,0.2882397673119347
Ir-rich,34,7.622594884108869,0.0043314332979632,0.2924158538490676
Ir-rich,73,7.6701430395390435,0.0057997570573327,0.2989195433333503
Ir-rich,115,7.669904322464639,0.006913809278162,0.2988995414425399
Ir-rich,169,7.764318413091734,0.0055808140287238,0.2833356902047956
Ir-rich,223,7.751650780112819,0.0066325409040235,0.2475539807386566
Ir-rich,263,7.874273630550702,0.0064941988920121,0.2497296847396588
Ir-rich,13,7.604156631178472,0.0028443968756452,0.2785142251590284
Ir-rich,171,7.841162587419496,0.0061916903930089,0.2856707589501054
Ir-rich,9,7.68281687890148,0.0039152301501375,0.2940074041104822
Ir-rich,81,7.553984151579055,0.0041617304436261,0.2798624907779382
Ir-rich,301,7.945164432231837,0.0062721337346658,0.2639753142493297
Ir-rich,143,7.691344780060691,0.0046773896981372,0.2721478366479278
Ir-rich,16,7.619819527096451,0.0033462054412615,0.282362466556853
Ir-rich,93,7.764169310008848,0.0064759434782552,0.295493083756971
Ir-rich,214,7.72370939880695,0.0074285829405485,0.2865163950153204
Ir-rich,51,7.657440297090687,0.0044184287832847,0.295415111236768
Ir-rich,108,7.743194210709357,0.0050448794232089,0.2886141242292408
Ir-rich,328,7.920033199164155,0.0051446495408054,0.2702301785094453
Ir-rich,284,7.822064161939663,0.0062726247523627,0.263559647988315
Ir-rich,59,7.527124847574337,0.0035244391256093,0.2750380811172925
Ir-rich,179,7.630989648141146,0.0057622022877266,0.2513179436897007
Ir-rich,116,7.556319944890137,0.0048892383622668,0.2609362634178332
Ir-rich,154,7.724549514032004,0.0067067671131146,0.2959369936821529
Ir-rich,130,7.799036596198053,0.0055003369288026,0.2904904289157601
Ir-rich,86,7.703958976467252,0.0047561625467518,0.286910040853061
Ir-rich,211,7.772330479251805,0.0063272898813502,0.2803189226824862
Ir-rich,291,7.782570656499278,0.0081183877684187,0.2811472846594625
Ir-rich,289,7.764725759627098,0.0076439761164318,0.277141040894762
Ir-rich,65,7.746594853998738,0.0045445755945586,0.280990438453189
Ir-rich,18,7.707154669562421,0.003895648411439,0.2854247468730999
Ir-rich,83,7.718448676013827,0.0041549020122142,0.2820152574814388
Ir-rich,162,7.665543984447868,0.0053999643516481,0.2611027787457528
Ir-rich,139,7.658445992164571,0.0050231515668565,0.2619147327474155
Ir-rich,209,7.8954011981330865,0.0062269949332495,0.2711408038753114
Ir-rich,228,7.863225576664952,0.0065786391248217,0.2641575246104061
Ir-rich,286,7.836553849556346,0.0070297303234332,0.2665904825676001
Ir-rich,70,7.697934812504504,0.0048154073869218,0.2958774112048496
Ir-rich,36,7.602183242129368,0.004651473734406,0.2972766965477106
Ir-rich,2,7.553399679131227,0.0025038615234146,0.2859954657902828
Ir-rich,148,7.833514591825125,0.0049150502099616,0.2841047109572984
Ir-rich,254,7.76982431147183,0.0079341533717006,0.2831566819821948
Ir-rich,205,7.754196971909485,0.0055374373765791,0.2615551335593383
Ir-rich,79,7.624804085149271,0.0040352196454222,0.2737390822356743
Ir-rich,58,7.530953123110168,0.0034664319214623,0.2712946040168115
Ir-rich,313,8.073533948128153,0.0054010174778599,0.254290383826064
Ir-rich,337,8.113529463817066,0.0047678667464548,0.2721816830713928
Ir-rich,250,7.783199758081933,0.0069871353633711,0.2704416717878573
Ir-rich,203,7.694633487941733,0.005886739440173,0.2585382133822653
Ir-rich,137,7.533074359463975,0.0052191448948084,0.2587217142942125
Ir-rich,146,7.902285382041016,0.0048825264888183,0.2804605724335089
Ir-rich,94,7.753416055726829,0.0065130599105861,0.299106394701342
Ir-rich,33,7.655372396874789,0.0039777410695698,0.2915492066771301
Ir-rich,252,7.828908928617346,0.0071534496532369,0.2761558502688002
Ir-rich,193,7.841584390356611,0.0065269588442717,0.2890003159676671
Ir-rich,67,7.675238843708647,0.0043277256662094,0.2930497217207639
Ir-rich,10,7.66929843005966,0.0039074724830356,0.29721514623577
Ir-rich,27,7.520098695319421,0.0031586169827406,0.2799642898440677
Rh-rich,223,8.366586841669207,0.0008461114133041,0.3023259968806078
Rh-rich,200,8.450598773035356,0.000597105818611,0.3093256834263771
Rh-rich,81,8.34898945310331,0.0025649070319629,0.2676026258107362
Rh-rich,148,8.192734916313418,0.0032121695748359,0.287376071181042
Rh-rich,228,8.302133268064129,0.002195091115622,0.2826205636577628
Rh-rich,329,8.091948233641967,0.002087225154556,0.2888549137883654
Rh-rich,195,8.041447331941209,0.0047859143103107,0.2987265466271004
Rh-rich,239,7.564312603608778,0.0058585236329353,0.3117451586218325
Rh-rich,145,8.215664066417926,0.0023819606394682,0.2859858193229354
Rh-rich,301,8.335338975703474,0.0016525774079447,0.2887120660599231
Rh-rich,192,8.186291355790225,0.0036697434864943,0.2918279164373265
Rh-rich,85,8.122479648446765,0.0030361611773728,0.2807766011218031
Rh-rich,28,8.103118403479552,0.0031917574476932,0.258962817084419
Rh-rich,116,8.512594670104715,0.001314399477943,0.2775137597199049
Rh-rich,293,7.977847388703965,0.0041130908938667,0.3005241714951951
Rh-rich,339,8.076099881076367,0.0023609661147056,0.2892447372963128
Rh-rich,236,8.069083516007833,0.0043403570870444,0.2956260182071895
Rh-rich,155,7.706803751537416,0.0060836793957464,0.3030341041855708
Rh-rich,233,8.107046183448215,0.0031960810137958,0.2963086606396238
Rh-rich,60,8.226181478727185,0.0024202297870891,0.261033810840871
Rh-rich,168,8.30823186796314,0.0030932490388815,0.281384514257789
Rh-rich,282,8.396692484270991,0.0010738798585843,0.2965679962264538
Rh-rich,341,8.145598822647994,0.0028237076984714,0.2896643933366983
Rh-rich,204,8.456014525689541,0.0014598470515914,0.2871179921577331
Rh-rich,248,8.37613136844707,0.0021207519260626,0.2833017400290639
Rh-rich,112,7.943793232389392,0.0056120380955058,0.2963573764834429
Rh-rich,128,8.114493851614975,0.003326290406329,0.2872370472318708
Rh-rich,254,8.083638538051302,0.0036794232097321,0.2946073357730053
Rh-rich,141,8.367942425355562,0.0019014532704892,0.2769697986836711
Rh-rich,159,8.546474194079083,0.0010834360437613,0.2880635449589087
Rh-rich,336,8.17770504491216,0.001259821521644,0.2977667336650794
Rh-rich,277,7.91277315097714,0.0047773258174135,0.3043968441518269
Rh-rich,199,7.726034145929854,0.0062891937788427,0.3030884358528908
Rh-rich,71,7.963273248710934,0.0051172437490923,0.2870580898131762
Rh-rich,124,8.225028139353553,0.0025932553230567,0.2800443996976621
Rh-rich,206,8.488632713509348,0.001955815135742,0.2815967174359419
Rh-rich,77,8.314388677035184,0.001844951120226,0.2685183717806448
Rh-rich,13,8.156234400048577,0.0034757806937045,0.2523511465440577
Rh-rich,87,8.150082645339385,0.0035814485146192,0.2847411946031552
Rh-rich,307,8.009865613475991,0.00356045115327,0.2947057863353635
Rh-rich,270,8.165238185843293,0.0028184689417164,0.2864887438903929
Rh-rich,299,8.254684699104775,0.0011882494878723,0.2968700260323555
Rh-rich,243,8.4117209787833,0.0008541487449927,0.3028575105410374
Rh-rich,100,8.440884569129002,0.0020401210196462,0.2745610747082695
Rh-rich,208,8.428358935069417,0.0024676128998257,0.2813505911244634
Rh-rich,217,7.798804131786845,0.0051642922830557,0.3035827749595423
Rh-rich,172,8.10323533296689,0.0037175474070691,0.2994943509722727
Rh-rich,109,8.033073561916856,0.0042820141578379,0.2908862040041702
Rh-rich,44,8.134671541953102,0.0029354752221074,0.2668299277776655
Rh-rich,179,8.677095889796169,0.0007322451454611,0.3012207663542051
Rh-rich,246,8.533044761583518,0.0015210299643429,0.2876655750922804
Rh-rich,272,8.11316562980133,0.003629906271623,0.2864023815178964
Rh-rich,334,7.994493041419041,0.003686049797276,0.2944306059721573
Rh-rich,308,7.942878506112467,0.0038264552434374,0.2938803360892564
Rh-rich,210,8.23763906338438,0.0030797168732031,0.2842267247181887
Rh-rich,118,8.457929578642517,0.0015129639719715,0.2791419902525359
Rh-rich,163,8.56706903220447,0.0018618758654411,0.2808492914088943
Rh-rich,316,8.253689586921002,0.001859785714107,0.2883004895569279
Rh-rich,318,8.22876468130115,0.0026200059021081,0.2854400181791729
Rh-rich,241,7.878707670293103,0.0058663615591211,0.3114272826337679
Rh-rich,240,7.819056288833282,0.0056829370541551,0.3044102842581725
Rh-rich,3,7.889378787587836,0.003872441210475,0.2576922769960054
Rh-rich,65,8.206938324964671,0.0031846903378696,0.2748750275470402
Rh-rich,147,8.28789911199198,0.0029463597769104,0.2857274986582445
Rh-rich,251,8.282626318855417,0.0029674477570687,0.2847762721077605
Rh-rich,285,8.426406481671421,0.0018485638533088,0.2869719867247459
Rh-rich,202,8.506444568125502,0.0009722234112423,0.2989899915513597
Rh-rich,256,8.094938960514972,0.0042135452889193,0.3025581774837688
Rh-rich,173,8.083005820098213,0.0044084991767183,0.2982034134529666
Rh-rich,37,7.776893918440312,0.005610800906062,0.2852942436032893
Rh-rich,22,7.931332859731779,0.0052458339001503,0.2797008054575446
Rh-rich,131,8.001372085985524,0.0044862817935186,0.2951311904696279
Rh-rich,102,8.26968049016655,0.0024278514006782,0.2776778818536278
Rh-rich,63,8.254131367380223,0.0028256425255162,0.2718941714121702
Rh-rich,137,8.641458163237685,0.0011814460876098,0.2824812989081977
Rh-rich,314,8.309313791721273,0.0014892149819987,0.2910826110211889
Rh-rich,320,8.09281858189043,0.0033647989413173,0.2891542251678223
Rh-rich,185,8.414923683597944,0.0018241845978975,0.2885963237340209
Rh-rich,32,8.122737093328587,0.0039713276071692,0.2710039276676719
Rh-rich,58,8.466897776567968,0.0021204496146257,0.2614446618266203
Rh-rich,242,8.75343015146036,0.0007526169791031,0.30336285541732
Rh-rich,265,8.590223578903899,0.0015767620512379,0.2844095203813742
Rh-rich,170,8.243044154827578,0.0035090913808131,0.2914324021987386
Rh-rich,176,7.945206752468453,0.005868101442908,0.3071542442486827
Rh-rich,178,7.753150245376595,0.0065870546567613,0.3091439709606516
Rh-rich,340,8.036476674144607,0.0025205870250062,0.2926646399462093
Rh-rich,333,8.00270177511936,0.0033862332736915,0.2963598603087766
Rh-rich,245,8.364819909775536,0.0012390060866545,0.2930580162204986
Rh-rich,97,8.40337325180666,0.0018652318714292,0.267070083546492
Rh-rich,20,8.014496681940553,0.0046236890356834,0.2727608366421426
Rh-rich,74,7.7716253825874,0.006696722338995,0.2968171847842982
Rh-rich,135,7.703905761917056,0.006606603051992,0.3025742140998722
Rh-rich,107,8.171971471289707,0.0037826979708009,0.2832274465717113
Rh-rich,104,8.21064740328901,0.002862747936015,0.2832445834368692
Rh-rich,143,8.485520361349627,0.0023353830498832,0.274137184023213
Rh-rich,161,8.59694821638824,0.0015435199164785,0.2791747499194546
Rh-rich,289,8.340916057266938,0.0032029196337296,0.2867076216161149
Rh-rich,328,8.226646914071472,0.001861134826287,0.2926628576043463
Rh-rich,287,8.245041977367359,0.0025220354926684,0.2874073116383581
Rh-rich,292,7.997085716883393,0.0037964558880032,0.2994818285949701
Rh-rich,189,8.229185335949719,0.0028549916042867,0.2927135882767026
Rh-rich,166,8.36823677220605,0.0025069848641322,0.2821068881889428
Rh-rich,120,8.517575946029645,0.0019176013016664,0.2748123558750838
Rh-rich,5,8.00270315563512,0.003976904242915,0.2655103136277038
Rh-rich,175,7.971274815041192,0.0047437080733144,0.3090618697733412
Rh-rich,213,8.123881246523668,0.0036161736986975,0.298136066240115
Rh-rich,69,8.04710499252243,0.0041884840098322,0.2856134301575503
Rh-rich,61,8.262885057664489,0.0023175455387515,0.2729281208239864
Rh-rich,181,8.600174361967346,0.0011278511119031,0.2936672686790821
Rh-rich,262,8.48423479058048,0.0007503632684958,0.308084509058716
Rh-rich,219,7.962659702480459,0.0058186648885517,0.3062639108744259
Rh-rich,216,7.977148052006236,0.0044518502345143,0.3057082782228769
Rh-rich,130,8.135085900055579,0.0040646957826355,0.293475173808609
Rh-rich,67,8.150247417602046,0.0038519616360157,0.2787899219347724
Rh-rich,105,7.984580628837153,0.0071025668984904,0.256981261694054
Rh-rich,234,8.179042632348356,0.0036250236048468,0.2958308825175638
Rh-rich,193,8.171150630943577,0.0040067049581605,0.29799138592765
Rh-rich,92,7.996222428687293,0.0058753970889053,0.2961692329148432
Rh-rich,94,7.785272158276333,0.0070831373084295,0.3022487222364385
Rh-rich,90,8.007995125070568,0.0044975799571552,0.2964451244744536
Rh-rich,11,7.90754936152107,0.0053120583289582,0.2831000178346504
Rh-rich,47,8.126332584731317,0.0034261130356909,0.2750451635784395
Rh-rich,123,8.411532516924172,0.0023218880754438,0.2839968214130982
Rh-rich,27,8.26231230859374,0.0031752216118453,0.2598193607983755
Rh-rich,79,8.444031793917732,0.002397307544002,0.267558073308012
Rh-rich,225,8.574109317654436,0.0015192588548955,0.2856608387246349
Rh-rich,266,8.607211107515027,0.0018576013816451,0.2839989748611072
Rh-rich,302,8.487699839221287,0.0021665167986598,0.2847273474813109
Rh-rich,317,8.480664967412055,0.0023755404109899,0.2849353638631814
Rh-rich,330,8.385715958126164,0.0026198379787784,0.285482504714932
Rh-rich,127,8.373088621615786,0.0033378452835392,0.2860649072985138
Rh-rich,133,8.170721895746675,0.0052632488864833,0.3005759366359972
Rh-rich,136,7.842618575014164,0.0074476279582536,0.3049611929348247
Rh-rich,53,8.027786918255728,0.0051077696676213,0.2888391225206722
Rh-rich,15,8.144748989446205,0.003685580713901,0.2617312752425319
Rh-rich,30,8.329021015411987,0.0034686585910324,0.2672518534525116
Rh-rich,212,8.337145568263983,0.0034006734919446,0.2932599922345035
Rh-rich,249,8.489051309106602,0.0023454281136665,0.2856509542140349
Rh-rich,290,8.333583120757428,0.003335739285152,0.291846457676757
Rh-rich,237,8.105223977887388,0.0047701943427102,0.304785461262391
Rh-rich,278,7.785611604420196,0.0047307783793256,0.3116335651672425
Rh-rich,115,7.957452779680398,0.0067015882189722,0.3045983679158061
Rh-rich,72,8.020583838314906,0.0053124848448969,0.293124685161384
Rh-rich,184,8.576705974043522,0.0017569637069304,0.2845985498156411
Rh-rich,207,8.559553621425216,0.0022774369374692,0.2824645075431466
Rh-rich,326,8.524253386657831,0.0013798836663471,0.2935794849795524
Rh-rich,253,8.356986571393048,0.0034791624885066,0.2913434988391786
Rh-rich,194,8.248128244624338,0.004380797075149,0.2994891968811036
Rh-rich,152,8.178225723936496,0.0043271420943432,0.2998452662217556
Rh-rich,188,8.405873124883247,0.0028477872467393,0.2829195008411401
Rh-rich,232,8.400263839982209,0.0031824799883706,0.2907949154910977
Rh-rich,247,8.523771471028752,0.0017679338166097,0.2886593668978834
Rh-rich,203,8.6355740130868,0.0012841544286814,0.2908199430670785
Rh-rich,338,8.472045149303485,0.0019882130390878,0.2905731712248734
Rh-rich,309,8.209985577053091,0.0041350709154315,0.2992516978215879
Rh-rich,255,8.322854166332975,0.0040047926995175,0.2976003090249681
Rh-rich,198,8.039259518935184,0.0058552282070113,0.3096116544557433
Rh-rich,196,7.960081652379991,0.0048742902334458,0.3107877887161042
Rh-rich,288,8.354618104208335,0.0026808522071422,0.2893246103723707
Rh-rich,144,8.475500674193196,0.0024423618095569,0.2819350821485476
Rh-rich,64,8.391543692585248,0.003103517659555,0.2732361375082292
Rh-rich,167,8.477242494906267,0.0028669912227444,0.2841435157177278
Rh-rich,306,8.371716206632655,0.0033204495410401,0.2912615043218904
Rh-rich,258,8.194882876834674,0.0046015184952173,0.3100483763626635
Rh-rich,250,8.418828395839475,0.0025307655030525,0.2886217074535632
Rh-rich,229,8.504959500007942,0.0023880479614933,0.2875304704351951
Rh-rich,139,8.614524401330796,0.0014472755370896,0.2832093918276839
Rh-rich,180,8.830337149995579,0.0010922034213079,0.2908759494730476
Rh-rich,6,8.275770821628168,0.0045484710527103,0.2659586481223108
Rh-rich,9,8.235762074690346,0.0050368167679587,0.2758014106121931
Rh-rich,171,8.253106905443698,0.0036540745235746,0.295974236450234
Rh-rich,322,8.182874547127474,0.003627478377255,0.2992198770530208
Rh-rich,319,8.331484306856094,0.0029177937270323,0.290728439885308
Rh-rich,235,8.356493329788824,0.0041080426249454,0.2962632977256112
Rh-rich,93,8.154341324397235,0.0064172879240846,0.2967022667457044
Rh-rich,156,8.05921644251879,0.0063714518099044,0.3032750120136339
Rh-rich,129,8.278016636947306,0.0036522456952559,0.294842916675732
Rh-rich,103,8.389911489583762,0.0025485343509366,0.2851653440768038
Rh-rich,186,8.574208223643808,0.0022556106713463,0.2845715898802029
Rh-rich,121,8.567487730368198,0.0021064142040046,0.2796506187127959
Rh-rich,2,8.108129189277612,0.0036808118978671,0.2618416372993185
Rh-rich,82,8.5029432147875,0.0029156813127024,0.2725536742734625
Rh-rich,68,8.28155289341122,0.0041083144801003,0.2829613374622491
Rh-rich,36,8.170044118962196,0.0050179064544578,0.2829342796712767
Rh-rich,215,8.206558870539377,0.0041629049721948,0.3031030902041189
Rh-rich,259,8.118658395711273,0.0048834215751149,0.3109356428261861
Rh-rich,276,8.169182354992147,0.004243457968614,0.3077880279384541
Rh-rich,260,8.130606084818753,0.0053339743011556,0.3104465195173507
Rh-rich,218,8.130085336784344,0.0053263577741044,0.3069409987477405
Rh-rich,300,8.525888168873296,0.0015543276717893,0.293505807753196
Rh-rich,271,8.437449189851552,0.0031883969632862,0.2883047132167649
Rh-rich,209,8.39249971518162,0.0026246539908083,0.2913858512849324
Rh-rich,169,8.3907732007692,0.0033379640635883,0.2883555773453608
Rh-rich,151,8.317654876784598,0.0039532083913992,0.2958879254337175
Rh-rich,146,8.385461608958577,0.0028058260197615,0.2859175909459903
Rh-rich,45,8.279086996314971,0.0031556716623998,0.2717187492716583
Rh-rich,117,8.710023705973715,0.0015917665365582,0.2769892772669887
Rh-rich,160,8.825731788534902,0.0012957790428415,0.2864279014560065
Rh-rich,222,8.770636399424493,0.0008587064472761,0.3006643478435324
Rh-rich,286,8.660811637776904,0.0022796715837521,0.2835504749351782
Rh-rich,291,8.354476025350234,0.0037480366384422,0.2933747368791242
Rh-rich,274,8.325867305050778,0.0039157068911778,0.2960134846150967
Rh-rich,211,8.450431574820634,0.0031765107819407,0.291847249870273
Rh-rich,304,8.444863620525036,0.0026458802314926,0.2894467877350323
Rh-rich,332,8.359278313288579,0.0030739512595068,0.2930269638102254
Rh-rich,227,8.561346211563782,0.0019884691443555,0.2845538555949727
Rh-rich,183,8.568280361260339,0.0015432570588029,0.2901305804846183
Rh-rich,264,8.681705430902603,0.0011731592137682,0.2976697117922052
Rh-rich,267,8.668128016822822,0.0021289145937179,0.2830047094459066
Rh-rich,231,8.574674312148623,0.0029714492157734,0.2860402897233649
Rh-rich,91,8.205860801471205,0.0053071037928842,0.2950678969499808
Rh-rich,132,8.161288103031218,0.0048649817846132,0.3001679419886014
Rh-rich,174,8.220259574368276,0.0045095725978346,0.3044401805701799
Rh-rich,191,8.385767402228309,0.0032847173187602,0.2965262917341174
Rh-rich,80,8.430299904797039,0.0025209012550633,0.2720823134959331
Rh-rich,31,8.324251119193868,0.0038627532275568,0.2701878323535993
Rh-rich,106,8.37372205788103,0.0034903570908382,0.285171332553354
Rh-rich,66,8.32569356474786,0.0035443962778674,0.2784756293297991
Rh-rich,84,8.386154729344554,0.0030548494545802,0.2822566652063454
Au-rich,100,7.825599362843401,0.0092348180162052,0.3134258853940445
Au-rich,251,7.829927084357826,0.0105981478148206,0.3202688497984348
Au-rich,190,7.8376820535946194,0.0117376184550672,0.3208247327895625
Au-rich,148,7.891904283157612,0.0110721071356522,0.3219783779431945
Au-rich,166,7.8082489746439165,0.01188129815418,0.3196622888276837
Au-rich,179,7.81337429035591,0.0094288178114506,0.3100076576789652
Au-rich,223,7.898962483412416,0.010081517515192,0.3113963164726069
Au-rich,227,7.903487183700461,0.0116742182459685,0.3142943265616758
Au-rich,255,7.9002155733334,0.0102677028125919,0.3201455235681604
Au-rich,214,7.925571839724841,0.010489790723041,0.3203780509318599
Au-rich,53,7.882777973365809,0.01090924674402,0.3204199426794733
Au-rich,114,7.798523592708517,0.0102753023998153,0.3275620428393234
Au-rich,73,7.834013327181528,0.0112609233805302,0.3239304487855494
Au-rich,27,7.760848444022564,0.0073225059803396,0.3128566860941233
Au-rich,5,8.011626041926961,0.007671451398725,0.3128844495681091
Au-rich,45,7.928056552701775,0.0088857069407856,0.3087777334524821
Au-rich,116,7.799336076753279,0.0096530141915408,0.2994054214516315
Au-rich,268,7.88463877823421,0.0111060543342599,0.3122145568834587
Au-rich,252,7.912193149559382,0.0110386010285001,0.3162996163240658
Au-rich,300,7.852127456316815,0.0095592315522794,0.3156166003747278
Au-rich,273,7.875506793704965,0.0104048984721517,0.3212218867667184
Au-rich,150,7.831143498882077,0.0111752641698515,0.3233319912170159
Au-rich,141,7.883601833990847,0.0107603172675272,0.3093807733890333
Au-rich,165,7.924423339989386,0.0112567443450541,0.3087006611314341
Au-rich,106,7.882079886168042,0.0106657586797718,0.3183788182814922
Au-rich,308,7.850410650111224,0.0103510079744933,0.3181243182730736
Au-rich,340,7.8045131134470385,0.0095075019758554,0.3240344524757352
Au-rich,330,7.7582396721123486,0.0102772168902134,0.321397155069064
Au-rich,305,7.7727448610968,0.010791529518965,0.3221838984920658
Au-rich,238,7.829796670480868,0.0097831564318058,0.3191195077539808
Au-rich,112,7.861085198964826,0.0111063557771357,0.3194900285385738
Au-rich,60,7.835642528738615,0.0084571988775225,0.3066485941921162
Au-rich,76,7.8586643513601695,0.0084655070847618,0.2998464068211709
Au-rich,181,7.93640977453968,0.0107374118897069,0.3044778174290406
Au-rich,184,7.959784027156807,0.0115854195860893,0.3094541235333672
Au-rich,246,7.920745925287063,0.0108631056950734,0.3070664098645304
Au-rich,120,7.893471934255883,0.0108272819835229,0.3060039528741078
Au-rich,7,7.954665711655119,0.0089977247090864,0.3100797860874741
Au-rich,52,7.939852162548211,0.0108149200568433,0.3166143841231231
Au-rich,71,7.897421916248091,0.010762421417284,0.3223051103232094
Au-rich,178,7.878115264616049,0.0100358569453201,0.3232570084894525
Au-rich,272,7.811288035726065,0.010630955484122,0.3192351651562751
Au-rich,328,7.715451052117956,0.0099773115820338,0.3190312363587135
Au-rich,266,7.760515142531636,0.0108838758173344,0.3141211548394919
Au-rich,117,7.832438664235403,0.0099935580580696,0.2970604361660948
Au-rich,158,7.820072788951405,0.009776225749451,0.3008074256507282
Au-rich,320,7.821826809709885,0.0109731629975604,0.3206980591009019
Au-rich,93,7.769287013871785,0.0109570808296806,0.3227197742617299
Au-rich,23,7.781536660541784,0.0114345966771494,0.3192974862440685
Au-rich,34,7.8944978544710285,0.0106240919793986,0.3124447362287388
Au-rich,149,7.933597830241379,0.0111633317983349,0.3164987728138588
Au-rich,215,7.887587753379095,0.010522322551007,0.3194830273208152
Au-rich,240,7.867704821636738,0.0105347385567815,0.3195405025472663
Au-rich,174,7.867765478844092,0.0101844753970181,0.3195520122697434
Au-rich,152,7.849267908626465,0.010423528337992,0.3250187935974835
Au-rich,146,7.843715952444225,0.0108462935338841,0.3144554954916113
Au-rich,65,7.842905096948351,0.0092821719478091,0.3152071551356487
Au-rich,288,7.768480944521734,0.0108496050051055,0.31949475043513
Au-rich,307,7.838922647130015,0.010747141149797,0.3213668165789181
Au-rich,338,7.756537961726522,0.0090824751820978,0.3200366863883467
Au-rich,325,7.848268006875992,0.0071263253872984,0.3185947914997832
Au-rich,233,7.9110942298422575,0.0105638608966299,0.316517427557877
Au-rich,258,7.85766868601148,0.0099467759208845,0.3181582941419275
Au-rich,197,7.799651834361733,0.0101996342428736,0.3220598664630598
Au-rich,67,7.827681468885899,0.0105369323182789,0.3154932414769837
Au-rich,8,7.838178678961955,0.0097098485988158,0.3153871958494968
Au-rich,58,7.749517523480097,0.0079886337951056,0.3052511506649999
Au-rich,249,7.916446453740472,0.0112161903788575,0.3103996888933963
Au-rich,229,7.867863863126431,0.0117214731238596,0.308089491782706
Au-rich,224,7.80639266418129,0.0102178734415581,0.3136057493037192
Au-rich,316,7.810169159491157,0.0101205304224024,0.3151326299286956
Au-rich,333,7.78663321422456,0.0102245463018472,0.3212963506586328
Au-rich,171,7.893279989544652,0.0107802845494832,0.3188471740431822
Au-rich,89,7.8650472022226605,0.0111155931702946,0.3203301493887801
Au-rich,31,7.7718358649192,0.0090444926224494,0.3122198775332879
Au-rich,82,7.887237669702651,0.0103739916799667,0.3116376718812596
Au-rich,122,7.942618295307685,0.010567908218224,0.3074796185592855
Au-rich,15,7.86884156224503,0.0076259237233526,0.3102956555830695
Au-rich,69,7.921980891013866,0.0103394474746342,0.3179849958935323
Au-rich,48,7.948022894992873,0.0099214154940615,0.3109623974694219
Au-rich,124,7.9351562407897775,0.0112788399074639,0.3120842383770336
Au-rich,264,7.784501262152982,0.0095935830663472,0.3133114951630799
Au-rich,182,7.850536543205741,0.0105169096272358,0.3092104312176953
Au-rich,97,7.856767166861173,0.0092241409978133,0.303260675072699
Au-rich,64,7.912997744259015,0.0099042695308383,0.3098117936561697
Au-rich,108,7.9291722908913,0.0112979443456401,0.3164910465385318
Au-rich,239,7.849354589291709,0.0102415906388029,0.319972181168905
Au-rich,110,7.838563572497186,0.0101940008942471,0.322687093302464
Au-rich,133,7.893305346487418,0.0105726317946793,0.3207439368331364
Au-rich,147,7.90894594710408,0.0111678927339537,0.3153452269555551
Au-rich,191,7.949542517225797,0.0110648965890772,0.3170839083129599
Au-rich,189,7.837324043248596,0.0112191628146729,0.3164029726915809
Au-rich,287,7.748510531979522,0.0105468395095084,0.3145171745468934
Au-rich,327,7.766814205495735,0.0085088316481479,0.3206594792738213
Au-rich,314,7.731446182851721,0.0086823451366796,0.3207793588384453
Au-rich,282,7.793362897839045,0.0087776515073189,0.3146241298603656
Au-rich,180,7.794150691922714,0.0101838858447968,0.3085445834013048
Au-rich,140,7.907611512571465,0.0106024973322735,0.3055090091321821
Au-rich,205,7.938987217951445,0.0109892356433524,0.3074806098121331
Au-rich,274,7.916897946446027,0.0106736947175602,0.3161353675736081
Au-rich,276,7.901755430868104,0.0102615703225228,0.3194382519954829
Au-rich,270,7.840418705955681,0.0106933080853701,0.3175097278250495
Au-rich,130,7.804675002617988,0.0106746505819272,0.3227760717340344
Au-rich,36,7.819965827843807,0.0101882530789871,0.3219794013504043
Au-rich,134,7.852679920374704,0.0102577239814396,0.3246189082093194
Au-rich,176,7.804480817178694,0.010247436979601,0.3239742040774211
Au-rich,213,7.920802600241854,0.0107208812352239,0.3171282291501794
Au-rich,105,7.779555709036423,0.0109249134279607,0.3192499021054423
Au-rich,84,7.961991622354382,0.0102762975389482,0.3133631667278677
Au-rich,209,7.81553153125052,0.0110705695913417,0.3181410237522479
Au-rich,253,7.910455080671665,0.0110782979861994,0.3159540907408464
Au-rich,322,7.751762947677635,0.0101515442413278,0.3241513642159354
Au-rich,256,7.791549061341426,0.0102579749922317,0.3209702839960768
Au-rich,260,7.842929553867413,0.0098056928641591,0.3239161371309149
Au-rich,198,7.811633591034589,0.0099879350496954,0.3255404181290497
Au-rich,136,7.795796606487904,0.0098344641380364,0.3256424178788423
Au-rich,211,7.783790557885836,0.0107649610626927,0.3174344388401883
Au-rich,243,7.750427192492765,0.0088550252115367,0.3122703120548965
Au-rich,299,7.819545131968489,0.0085170258489285,0.3168094444617858
Au-rich,247,7.921081368187224,0.0109444391319331,0.3101593045696317
Au-rich,99,7.808714332186947,0.0093579566991245,0.3110248542915115
Au-rich,187,7.939812636989183,0.0114151738134614,0.3116686235570031
Au-rich,127,7.880190370031601,0.0108196101961418,0.318252556707252
Au-rich,169,7.9413638775344255,0.0109931893433715,0.3175648937616221
Au-rich,289,7.872890211850257,0.0112041435616835,0.3192246126529006
Au-rich,293,7.7679395933347,0.0103442506044162,0.3198901153771887
Au-rich,250,7.75237097908139,0.0107268493754626,0.317856799113178
Au-rich,162,7.863151597708081,0.0105460598880875,0.3100016113680698
Au-rich,123,7.938200552967188,0.0110070269114984,0.3076910545426002
Au-rich,228,7.852460892814334,0.0111045992281747,0.3157721806174403
Au-rich,172,7.835811881531543,0.0107883602582412,0.3228654667549414
Au-rich,91,7.809974350107275,0.0101256779780726,0.3261627025098549
Au-rich,107,7.913434200876841,0.0105447026207722,0.3206459752954932
Au-rich,68,7.948423549731531,0.0101241083045593,0.3168146365016414
Au-rich,32,7.855785699482204,0.0096684935837019,0.3172254054543216
Au-rich,16,7.919541147490593,0.0077585908526612,0.3122030066889142
Au-rich,61,7.930380392906807,0.008617423592543,0.3086695953634313
Au-rich,81,7.980871669314275,0.0099814315659704,0.3102287566317205
Au-rich,185,7.916708420372691,0.0115320090871543,0.3143676542802631
Au-rich,303,7.88628175128443,0.0106930432436774,0.3179119340734795
Au-rich,331,7.775741375053287,0.0103287415244874,0.3229315652080077
Au-rich,237,7.880540329691138,0.0104704256200786,0.3199944795980393
Au-rich,194,7.892200637298688,0.0100104122362125,0.3246856602479888
Au-rich,111,7.835503377437861,0.0103610801199373,0.3270186667759297
Au-rich,72,7.778403608683596,0.0103812679317524,0.323144084652658
Au-rich,22,7.841399426427285,0.0109642904366278,0.3192018769623122
Au-rich,167,7.860388366593577,0.0112529620366998,0.3169188393086323
Au-rich,203,7.748168116677606,0.0104019328133185,0.3114355511508336
Au-rich,225,7.9177423035464205,0.0108435567600746,0.3104899078772982
Au-rich,329,7.892049315425686,0.0103653517172111,0.3184351743743345
Au-rich,306,7.853223404851688,0.010656127531795,0.3223562998813117
Au-rich,301,7.778830853004275,0.0102241602287255,0.318711471912296
Au-rich,192,7.90160571569316,0.010169678544283,0.3221939500350216
Au-rich,217,7.871957936207404,0.0098570572997124,0.3229817491767353
Au-rich,231,7.784436055369515,0.0114688092014916,0.3194219817721722
Au-rich,43,7.8032038331445,0.0080376500427274,0.3086365408949472
Au-rich,18,7.907154224738732,0.0090979079272976,0.3130290068790899
Au-rich,125,7.944797396583008,0.0106580102571124,0.3125647809436181
Au-rich,207,7.833702028993473,0.0108530122322529,0.3130153930914013
Au-rich,164,7.9263383746214044,0.011313641832835,0.3120812158112305
Au-rich,101,7.900655684880133,0.0101574104253047,0.3120446982082818
Au-rich,2,7.975665196906692,0.0060556036787486,0.3127442440521484
Au-rich,66,7.958899435666029,0.0096209655896727,0.3169794099913948
Au-rich,70,7.962310684169895,0.0108839271396552,0.3171757645872529
Au-rich,129,7.929408191914823,0.0104719774410768,0.319224159102739
Au-rich,284,7.802910220722868,0.0095837996546168,0.3171870374638338
Au-rich,160,7.833853607332111,0.0103915976556895,0.3060311778628841
Au-rich,201,7.813176314857533,0.0096908394804789,0.3073703137013518
Ir-rich,186,8.017950770231632,0.0052699310533712,0.2881466052386421
Ir-rich,127,8.104879078749098,0.0051421744951384,0.2968638338759965
Ir-rich,104,7.954395141018779,0.0047678157557011,0.2961101738485063
Ir-rich,133,8.081939621014964,0.0062023793424934,0.3041642827515079
Ir-rich,152,8.106147029677928,0.0060392496145768,0.3017622377550858
Ir-rich,53,7.937544132517856,0.0051085325511565,0.307738920503945
Ir-rich,306,8.104044234814312,0.0070945431094191,0.2922606633191726
Ir-rich,265,8.103344847666039,0.0063674940300572,0.2688185876383457
Ir-rich,160,7.903244306079863,0.0060484354568356,0.267297337733526
Ir-rich,208,8.142356174669475,0.0062292732515998,0.281006449215067
Ir-rich,243,8.037728214850858,0.0066407426232174,0.260883699223757
Ir-rich,201,8.034398880559577,0.0065997322931821,0.2592669133782794
Ir-rich,120,8.030188054147903,0.0052322559181012,0.274762578492597
Ir-rich,103,8.043723616848453,0.004924358135604,0.2901747267672161
Ir-rich,96,7.842578674787204,0.0050661259766758,0.2731428805821274
Ir-rich,164,8.10827076545721,0.0055796929922406,0.2764691674418476
Ir-rich,189,8.189007873320369,0.0057925594045766,0.2873003420557778
Ir-rich,248,8.181189282678226,0.0065893659055386,0.274310006439072
Ir-rich,213,8.207742768270322,0.0070167000864249,0.2894983824215864
Ir-rich,47,7.9576775177710255,0.0045009478308338,0.2936152821633883
Ir-rich,4,7.835861170590975,0.0033963930096483,0.2955897113904659
Ir-rich,97,7.940922767724753,0.0047006097464112,0.276975433780965
Ir-rich,45,7.930140024387661,0.0041329994849507,0.289850984979367
Ir-rich,74,7.975763854953188,0.0059939353249862,0.309902313251157
Ir-rich,170,8.125395434536063,0.0058579978496762,0.2941845674590734
Ir-rich,145,8.09789286357015,0.005420831714072,0.2830562213742011
Ir-rich,235,8.16497439330215,0.0075586854517371,0.2902710622337458
Ir-rich,342,8.133744976049005,0.0061388739088009,0.2966749609967791
Ir-rich,183,7.887880939209258,0.0058178863389257,0.2734691805476743
Ir-rich,101,7.951952757766442,0.004943810301789,0.283735837325236
Ir-rich,43,7.733253945423579,0.0036602925945291,0.2928438424680413
Ir-rich,17,7.916905501259779,0.0038842188440433,0.2943480360691246
Ir-rich,106,8.016403888219878,0.0049540203995981,0.2932514744117264
Ir-rich,195,8.14007124529351,0.0072071177517514,0.2974563326412944
Ir-rich,153,8.097636716868054,0.0060094821359957,0.304436943263581
Ir-rich,232,8.126139168812687,0.0068670169556781,0.2831555846265584
Ir-rich,71,7.997123765390406,0.0051648658176205,0.3043488648063754
Ir-rich,110,8.078250512091465,0.0054519886214018,0.3022000919926502
Ir-rich,150,8.095398139085264,0.0056404916885459,0.2957298629183092
Ir-rich,187,8.13213959057293,0.0059509959358973,0.2773616130780565
Ir-rich,266,8.16364957176982,0.0069859014425143,0.2704784511236496
Ir-rich,245,8.05235063828504,0.0064755261014429,0.2658375964975659
Ir-rich,121,7.970334684017062,0.0048945134969538,0.2835986404496104
Ir-rich,62,7.865379617803964,0.0043701663000028,0.2879749578951945
Ir-rich,287,8.230669107057393,0.0071275946637045,0.2755454043522945
Ir-rich,204,8.042701231525287,0.006175451568816,0.2679573509825939
Ir-rich,262,8.127528700633208,0.0060851994214338,0.2609859190679621
Ir-rich,320,8.160184696572038,0.0069672080803309,0.2874453951072308
Ir-rich,307,8.09800532337768,0.0077309802930588,0.2907541460206627
Ir-rich,175,8.029441148296767,0.0065399081963522,0.3064866810818796
Ir-rich,20,7.881493357528789,0.0043255824314202,0.3003206795514644
Ir-rich,100,7.914971424196116,0.004881308170523,0.2825425038275441
Ir-rich,142,8.130021947732923,0.0057339968862686,0.2712858288859952
Ir-rich,226,8.205837211887134,0.0065940947979622,0.2653041833520499
Ir-rich,212,8.14200536865596,0.0067502696916575,0.2866484505264098
Ir-rich,72,7.963249439866103,0.0049676170398595,0.3111350062292568
Ir-rich,66,8.00036584527575,0.0045759818916336,0.297406151949225
Ir-rich,123,8.063522128637622,0.0049488157835844,0.286140019345373
Ir-rich,78,7.739513722875715,0.0040632761610204,0.2914548288756757
Ir-rich,149,8.19500774799208,0.0054736665068238,0.2919792205770015
Ir-rich,113,7.994367226176011,0.0061850938788625,0.3084182331937701
Ir-rich,107,8.082484051057342,0.0050812076948646,0.2968471512384727
Ir-rich,7,7.990304374738833,0.0040475360562825,0.2951343919950964
Ir-rich,50,8.032528195276415,0.0047849476830009,0.2970972629911083
Ir-rich,28,7.802219245797399,0.0036829119090257,0.2928461415007392
Ir-rich,251,8.25880649596437,0.0068952328269789,0.2774902866732031
Ir-rich,305,8.117215738589891,0.0074231382948945,0.2840934573788898
Ir-rich,288,8.051662795663702,0.0072896977660938,0.2813987940332034
Ir-rich,273,8.059846254496582,0.0080790599290062,0.2894705520173861
Ir-rich,194,8.062128746651162,0.0069524646498935,0.2958618337735095
Ir-rich,166,7.966890818353387,0.0057905087405509,0.2805936076328175
Ir-rich,229,8.12869820264739,0.0067702185583259,0.2728181160192371
Ir-rich,285,8.135990793896822,0.0069807781688804,0.2707720855368777
Ir-rich,185,8.03196893212515,0.0059826135137833,0.2716455108745185
Ir-rich,180,7.902912167593497,0.0060822464516666,0.2628391385904779
Ir-rich,132,8.088012223943048,0.0059680721736039,0.3019473455967598
Ir-rich,69,8.017663185275508,0.0051052795683248,0.3010180283788554
Ir-rich,64,7.89966035754278,0.0046069025770707,0.2900428177616176
Ir-rich,190,8.125228515106288,0.0064001054402586,0.2838877981361957
Ir-rich,247,8.110141309349563,0.0070378579790837,0.2656049969344836
Ir-rich,269,8.094539823182615,0.0073566429910078,0.2759609106290748
Ir-rich,253,8.136340147659597,0.0076744833052541,0.2831976276853885
Ir-rich,234,8.062549537819022,0.0073211452825587,0.2899717706803416
Ir-rich,144,7.95484236977132,0.0054833209098265,0.283369702804165
Ir-rich,76,7.677566876783963,0.004404985957579,0.2805849597518579
Ir-rich,222,8.072745350452575,0.0068321668468894,0.251684051529848
Ir-rich,206,8.076073479264837,0.0064831430191663,0.27121950845825
Ir-rich,163,8.0261506544997,0.0058847914538024,0.2736225232828688
Ir-rich,125,8.031291346973672,0.0053590164702441,0.2867473356873062
Ir-rich,91,7.971603270198629,0.0053939687216279,0.3064934325790007
Ir-rich,151,8.02577085461791,0.0057164999589001,0.2998292884674786
Ir-rich,52,7.912357766209297,0.0048366776970394,0.3062065626546753
Ir-rich,30,7.838659938071554,0.0041829030721255,0.2891855534349753
Ir-rich,85,8.073127607288335,0.0047903475201036,0.2929094783567806
Ir-rich,172,8.098266047772663,0.0063850505296747,0.2943183605515964
Ir-rich,109,8.022665655899619,0.0051798115306807,0.3014085841587346
Ir-rich,89,7.991883362971723,0.0053686964494375,0.3007374636548625
Ir-rich,333,8.145615878066117,0.0072679980179321,0.2887307239214067
Ir-rich,271,8.033994005937618,0.0074751756838628,0.2821610696864695
Ir-rich,268,8.03468599221193,0.0069006060580022,0.2754050572084273
Ir-rich,264,8.033523191147532,0.0065705127907132,0.2648812224762363
Ir-rich,224,8.002732542810508,0.0069979834025538,0.2589877048136173
Ir-rich,231,8.161957063239171,0.0067984462699621,0.2819417977433302
Ir-rich,255,8.113465937830046,0.0080193481114536,0.289202503038598
Ir-rich,192,8.03406488360612,0.0061840366418657,0.2930725465446492
Ir-rich,46,7.779428983591931,0.0042609290397987,0.2936450988920576
Ir-rich,32,7.974918139084163,0.0044130713771668,0.2945557413156291
Ir-rich,80,7.839267894428245,0.0044997909047154,0.2857753393040675
Ir-rich,168,8.084538977353875,0.0059135915894299,0.2845165702275314
Ir-rich,332,8.155258769300053,0.0068774000240448,0.2866608058300141
Ir-rich,290,8.029473236052658,0.007817484634808,0.2865481425558581
Ir-rich,309,8.020171797283615,0.0079440345564834,0.2956615043515841
Ir-rich,114,7.885594131310052,0.0066068100784438,0.3083765464570352
Ir-rich,131,8.034393613656631,0.0058610224397476,0.3001257769961178
Ir-rich,174,8.033322791688208,0.0066202211990515,0.3007446216498345
Ir-rich,128,8.007162837946241,0.0051911929452602,0.3000594301761385
Ir-rich,5,7.805294400544767,0.0037671076489445,0.2944912606445213
Ir-rich,82,7.959897037447079,0.0048843882416283,0.2851840131678307
Ir-rich,227,8.152429951270966,0.006425283976515,0.268100765995045
Ir-rich,188,8.103960651710269,0.0058443918465568,0.2855013202768466
Ir-rich,327,8.210915314935237,0.0051305363717105,0.277514054721993
Ir-rich,315,8.105156997788113,0.0058198569286098,0.2743930727787876
Ir-rich,244,7.959711797270219,0.0065087054698665,0.265440145343878
Ir-rich,138,7.748901073399964,0.0057724533677888,0.2688478075966595
Ir-rich,92,7.940445128854268,0.0056627814538196,0.3080803683631029
Ir-rich,23,7.721887106663225,0.0047957413390622,0.3060276776524541
Ir-rich,68,7.949033861673202,0.005053562637614,0.2977174126462699
Ir-rich,147,8.04708973555584,0.0053574131061567,0.2903473439945319
Ir-rich,102,7.937356399515494,0.0048659109452444,0.2887224072575187
Ir-rich,338,8.416284801271953,0.0056348770954796,0.2711827007925338
Ir-rich,119,7.786496699043293,0.0051965219113528,0.2778027941709644
Ir-rich,60,7.779187035498883,0.0043330129757955,0.2829906058520452
Ir-rich,98,7.886510343243845,0.0050449882730132,0.2779297778087319
Ir-rich,118,7.911038375723085,0.0052370671730905,0.2751674582036733
Ir-rich,134,8.069743439359629,0.0066098742637446,0.304149715185011
Ir-rich,156,7.964813482931898,0.0075876567617925,0.3027869670090281
Ir-rich,276,8.078231275948502,0.0086281667200972,0.2928716031923773
Ir-rich,308,8.047670689786077,0.0074010101003535,0.2944027422950376
Ir-rich,210,7.995030103394989,0.0061053586344912,0.2880813261359007
Ir-rich,105,7.966389828948147,0.0050914932058407,0.2937567332432694
Ir-rich,88,8.062152694253452,0.0051517912124422,0.2982388322298145
Ir-rich,249,8.121560133509526,0.0071494685573873,0.2728123584998618
Ir-rich,292,8.063628944864565,0.0085528800582788,0.2880493762618744
Ir-rich,278,7.955445187084136,0.0083513968521997,0.3026773257891649
Ir-rich,136,7.97721426765488,0.0069829749101169,0.3094736687595063
Ir-rich,219,7.9814907745716255,0.0087621715994364,0.3025731757384448
Ir-rich,322,7.965515083512756,0.0074866997933076,0.2943885350205802
Ir-rich,202,7.847216993577652,0.0058084901778377,0.2690354271673537
Ir-rich,159,7.841672439554915,0.0060424157857812,0.2656418975052972
Ir-rich,29,7.833106545517017,0.0038641686527207,0.2935771922657913
Ir-rich,35,7.933422623535766,0.0045859688423703,0.3035654905357205
Ir-rich,283,8.167600474186285,0.0071187159845899,0.2613656267523607
Ir-rich,316,8.195889109875335,0.0062949492826593,0.2749846121721342
Ir-rich,140,7.862060669293456,0.0055218321686034,0.2743851302824364
Ir-rich,242,8.03904963099816,0.0071762171152109,0.2532429622473884
Ir-rich,215,8.098609072508749,0.0069680640388081,0.2969873679444005
Ir-rich,112,8.021992093850246,0.005711455923765,0.3069504144504279
Ir-rich,48,7.861165509708786,0.0047656670143893,0.2924851967678839
Ir-rich,176,8.025648289426746,0.0077129728358315,0.3021304078195508
Ir-rich,237,8.026054482190837,0.0082791254310252,0.295817138608665
Ir-rich,335,8.023304128456651,0.0069989896308373,0.3003786447202841
Ir-rich,329,8.149173505452955,0.0060728835835503,0.2785413293917357
Ir-rich,304,8.05820766699436,0.0071458058916754,0.2822986656881453
Ir-rich,217,8.058291693822495,0.0082501006981974,0.2977178750417836
Ir-rich,216,8.026722951079972,0.0076068493955565,0.2975756237125891
Ir-rich,303,8.11428962845405,0.0071600868425591,0.2759180298522581
Ir-rich,182,7.804148304682452,0.0055963163559463,0.2755225408358068
Ir-rich,161,7.878800911098848,0.0058631420040564,0.2706033764727622
Ir-rich,155,8.017245384679553,0.007036514473192,0.3013869027827833
Ir-rich,236,8.025416448065494,0.0082942720852946,0.2923777683049048
Ir-rich,274,8.06526545133174,0.0081559658602231,0.2922063910515978
Ir-rich,293,7.989874699625865,0.0083646544939426,0.2962848215995723
Ir-rich,334,8.046450459355812,0.0071866366327944,0.2931385052918894
Ir-rich,331,8.11224885162809,0.0066333740909387,0.2841933079739533
Ir-rich,318,8.081126876634022,0.0066644223773636,0.2853837975493893
Ir-rich,317,8.106853950113283,0.0068230054630534,0.2771564648562297
Ir-rich,277,7.992230924250325,0.0086301176059138,0.2998911754264474
Ir-rich,241,8.026045076025692,0.0074589241247957,0.3035030230821066
Ir-rich,220,8.03662932350716,0.0082854399113432,0.3043393704830849
Ir-rich,22,7.817898660282148,0.0047522087091718,0.3039894242622226
Ir-rich,238,7.9831468922210576,0.0085600905321728,0.2998344368639731
Ir-rich,323,7.9340102152452605,0.0076760817710249,0.2970937286855957
Ir-rich,275,8.008417965749928,0.0084331413429908,0.2945156864171286
Ir-rich,240,8.030734513409893,0.0089342847697244,0.303033573794952
Ir-rich,260,8.036661021960139,0.0086660653297058,0.3011719012612152
Ir-rich,302,8.03450388490002,0.0068355705481067,0.2748282900564952
Ir-rich,197,7.947442270493508,0.0077625113304608,0.3033676332364567
Ir-rich,135,7.8988237875725185,0.006847045421847,0.3076619192615291
Ir-rich,19,7.817501523476618,0.004222575914465,0.2997225251876186
Ir-rich,21,7.8434294506449795,0.0047542545900547,0.2996603509499798
Ir-rich,259,7.971001913215279,0.0085350115988265,0.3026580645917719
Ir-rich,340,8.1516869056025,0.0057557929468693,0.2895908664824937
Ir-rich,326,8.095687705122224,0.0047318973092971,0.2757950650645017
Au-rich,286,7.76116110729179,0.0097754796568524,0.3178776763532749
Au-rich,267,7.837011394714072,0.0102587909212655,0.313349238112229
Au-rich,291,7.891802428019068,0.0100924894919358,0.3184566944079141
Au-rich,132,7.778374159731285,0.0097601461202333,0.3259514191857977
Au-rich,33,7.778628259493539,0.009767650834299,0.3174461961358958
Au-rich,245,7.870889948262475,0.0098444263645949,0.3108548796872655
Au-rich,318,7.768298059113391,0.0102146665082341,0.32118970249949
Au-rich,332,7.832723478803351,0.0102323806552596,0.3208936740286428
Au-rich,235,8.077914403618564,0.0045613423802846,0.3222551711027356
Au-rich,155,7.818083550060934,0.0097828687278125,0.3246296932661633
Au-rich,35,7.829815101859959,0.0099733057770242,0.3187244276926085
Au-rich,20,7.858573819078099,0.0098874233385112,0.3149698693965261
Au-rich,103,7.842417262290072,0.0100078325172373,0.3127820755121732
Au-rich,242,7.8706595414325875,0.0092793585757484,0.3076043141046282
Au-rich,183,7.884370688748144,0.0108105800908251,0.3087234533815512
Au-rich,323,7.739074167599229,0.0096224402558678,0.3234571301060683
Au-rich,87,7.7617083157732045,0.0101292573483002,0.3194961376115927
Au-rich,4,7.786461682600394,0.0068937051404742,0.3133929457034363
Au-rich,50,7.857451814498786,0.0104562427172247,0.3144005633415035
Au-rich,156,7.820354860471947,0.0099722882855277,0.3206355873756592
Au-rich,94,7.772386769981296,0.0096052194444525,0.3245098828386804
Au-rich,144,7.756782848005641,0.0107279041599787,0.3097598706769738
Au-rich,28,7.742457454246881,0.0078069828111347,0.3106125249172224
Au-rich,175,7.821938575009416,0.0104552859713099,0.3178290079037481
Au-rich,142,7.75623993349782,0.0106996521310604,0.3111135860143834
Au-rich,46,7.826976383767358,0.0088169510166872,0.3126875068668096
Au-rich,222,7.863515091550768,0.0095791009969207,0.3049643272858057
Au-rich,139,7.849806803614321,0.0104695118618942,0.3033818393050105
Au-rich,262,7.976470036161982,0.008769486406186,0.3073213986282476
Au-rich,79,7.732234866199819,0.0089449005489704,0.3074659341282909
Au-rich,30,7.821475325138044,0.0083065459478559,0.312455702970706
Au-rich,14,7.764290023830788,0.0067804082124221,0.3137223186191858
Au-rich,10,7.824458401772564,0.0097302070562724,0.3160500487756269
Au-rich,96,7.812676044989821,0.0095463186737913,0.2984883627254808
Rh-rich,177,8.108166502962582,0.0060842903438356,0.3079664419594241
Rh-rich,154,8.077342899923003,0.0052655017695215,0.3061784620875591
Rh-rich,113,8.08527692355779,0.0062051071844099,0.302367288763492
Rh-rich,86,8.115868884301074,0.0036321936648142,0.2931243015828191
Rh-rich,125,8.261068816677238,0.0031726572634554,0.2892533835105307
Rh-rich,205,8.402831854114206,0.0020456346777009,0.2880543783771808
Rh-rich,269,8.39840590553965,0.0029154059679394,0.2874890205734529
Rh-rich,244,8.267357902516286,0.0012568604084152,0.2994155727100732
Rh-rich,101,8.383711623151072,0.0029291137083588,0.2754963868032943
Rh-rich,165,8.376642528158346,0.0026491609826733,0.2868585415099993
Rh-rich,16,8.11693564848458,0.0041078878816776,0.2716800582503112
Rh-rich,70,8.155716466688705,0.004680192662177,0.2932566663347775
Rh-rich,108,8.170933187636695,0.0041570673367049,0.2939573154463133
Rh-rich,134,8.0240600021076,0.0061763636086365,0.3033219755119298
Rh-rich,283,8.309540042909125,0.0016228387098549,0.2937766677986765
Rh-rich,224,8.39911433559854,0.0013758495004981,0.2964498688263549
Rh-rich,78,8.315174274802976,0.0026168506470406,0.2674082671271379
Rh-rich,99,8.44459006723205,0.0024836128082465,0.2743849807011157
Rh-rich,275,8.16909821938956,0.0042841720341867,0.3061659080059227
Rh-rich,315,8.32845179508415,0.0019090020766758,0.2910765986414475
Rh-rich,62,8.213888516331155,0.0032914699658057,0.2717420631011347
Rh-rich,89,8.187810520085291,0.0046387540664674,0.2941205516410882
Rh-rich,149,8.198839690102039,0.003731866890328,0.2960864543826472
Rh-rich,238,8.130300870680484,0.0048350432965197,0.3087471739974974
Rh-rich,111,8.071248974491606,0.0052719457048908,0.2993296964535776
Rh-rich,162,8.373555241532346,0.002247270682982,0.2789750420489238
Rh-rich,14,8.055628353001326,0.0039650070887505,0.2660402428021101
Rh-rich,59,8.255161270249616,0.0028781537756343,0.2655703376068739
Rh-rich,142,8.492829795781166,0.0024621857091509,0.2773998925428786
Rh-rich,313,8.458069398507764,0.0014357878062411,0.2929558849642767
Rh-rich,138,8.433079139884889,0.0016900615476083,0.2795790104312605
Rh-rich,96,8.420799908593198,0.0020924393545535,0.2704126355474253
Rh-rich,43,8.26009108218877,0.0032607256847959,0.2694046494172876
Rh-rich,7,8.058133058268272,0.0047260129849395,0.2769570120933867
Rh-rich,52,8.150113120568145,0.0050162030842946,0.2882840537737461
Rh-rich,75,8.082871459905542,0.0068422361955027,0.2958513753602291
Rh-rich,48,8.098414841904459,0.0040664839132975,0.2797032390200847
Rh-rich,23,8.022961282481308,0.005340318944503,0.2879885329214642
Rh-rich,4,8.03333863280255,0.0039769108497095,0.2750712846775566
Rh-rich,35,8.099227851128228,0.0050904862506142,0.2825140523657039
Rh-rich,34,8.142175752416732,0.0044600910623966,0.2845348310997829
Rh-rich,54,8.00571162004902,0.0058461120457105,0.2914659255619004
Rh-rich,76,8.335344726118393,0.0023102277241232,0.2678323821544783
Rh-rich,119,8.500044852370989,0.0023027471134695,0.2732877530664074
Rh-rich,201,8.546932227980529,0.0013043855773528,0.2891961617016926
Rh-rich,21,8.010589127141143,0.0045983615341168,0.2896552612548905
Rh-rich,33,8.068273388695479,0.0044143808593374,0.2813594305482759
Rh-rich,114,7.997551512504336,0.0065366474084519,0.3020413406841026
Rh-rich,50,8.032895816747923,0.0039728924323558,0.2943750142513411
Rh-rich,29,8.066729860211492,0.0038088257855765,0.2716809044507697
Rh-rich,49,8.217672489484176,0.0041461601142262,0.2830803687015291
Rh-rich,17,8.03429508428148,0.0041632165024327,0.2744297259537264
Rh-rich,8,8.070331963580069,0.0049142885565475,0.2772578838422234
Rh-rich,18,8.092082050623105,0.0044337724314676,0.2739298001145385
Ir-rich,279,7.964579818885173,0.0077803820004891,0.3087413484188693
Ir-rich,218,7.998106206858833,0.0081725247710057,0.3025902742905126
Ir-rich,14,7.630906600547822,0.003546205592405,0.2935786819712794
Ir-rich,330,8.005215436235833,0.0058662116582485,0.2900043194077605
Ir-rich,258,7.942120767805059,0.008264815919055,0.3038381721562769
Ir-rich,199,7.941119876732758,0.0082234437116921,0.3045290900141223
Ir-rich,198,7.880480827857577,0.0079580801481691,0.3060211722794134
Ir-rich,300,7.896252972931077,0.0057432844601859,0.2823965493714266
Ir-rich,177,7.941060065953143,0.007624509928397,0.3056886288023532
Ir-rich,325,7.937919690879114,0.0046020734813981,0.2755343724696483
Au-rich,59,7.6562990566757,0.0077893504387014,0.3087135583334872
Au-rich,42,7.660104759538983,0.0074620086940417,0.3128766542750542
Au-rich,77,7.773801444516573,0.008707359591414,0.3030555638086138
Au-rich,62,7.870883299976807,0.0090264976028027,0.3074653582987893
Au-rich,138,7.808037956100044,0.0103570419202145,0.2972154461020825
Au-rich,95,7.805748641362011,0.00845953083055,0.3004457366970653
Au-rich,29,7.793933534387762,0.0078087484675607,0.3133987430904969
Au-rich,118,7.878875540435392,0.009611304824907,0.2996483836397429
Au-rich,80,7.870379116316167,0.00934123776741,0.3054637570615003
Ir-rich,157,7.9660553387767745,0.0075250720851088,0.3042359656023701
Ir-rich,299,7.988507337906229,0.0063103767333668,0.2682676669207477
Ir-rich,257,7.956927232647317,0.008032356439035,0.2979532510824907
Rh-rich,51,8.006838368474638,0.0044606324403594,0.2900303842270136
Rh-rich,19,7.995396622664828,0.004213069457379,0.2831989649266797
Au-rich,119,7.734756500144781,0.0090415311437612,0.3057802263556068
