world,true_hypothesis,policy,seed,step,candidate_id,action_type,cost_spent,true_hypothesis_weight,hypothesis_entropy,is_identified_75,is_identified_90,is_top1_correct,best_observed_k0,expected_hig,realized_entropy_reduction,beliefs
Synthetic_World_1_H1_True,H1,pure_falsification,101,1,SYN_CAND_069,XRD,25.0,0.31114604224271486,1.0942708862738815,False,False,False,0.009583397712644647,0.11462981504117975,0.004341402394228089,"{'H1': 0.31114604224271486, 'H2': 0.31114604224271486, 'H3': 0.3777079155145703}"
Synthetic_World_1_H1_True,H1,pure_falsification,101,2,SYN_CAND_057,XRD,26.0,0.35335642667094574,1.0949247819788628,False,False,True,0.009583397712644647,0.1950950897381445,-0.000653895704981311,"{'H1': 0.35335642667094574, 'H2': 0.35335642667094574, 'H3': 0.29328714665810846}"
Synthetic_World_1_H1_True,H1,pure_falsification,101,3,SYN_CAND_037,XRD,27.0,0.20624200366206744,0.9636620200888606,False,False,False,0.009583397712644647,0.3459466048181685,0.1312627618900022,"{'H1': 0.20624200366206744, 'H2': 0.20624200366206744, 'H3': 0.5875159926758651}"
Synthetic_World_1_H1_True,H1,pure_falsification,101,4,SYN_CAND_088,XRD,28.0,0.1739028126132326,0.8871581302258676,False,False,False,0.009583397712644647,0.4516975231153444,0.07650388986299295,"{'H1': 0.1739028126132326, 'H2': 0.1739028126132326, 'H3': 0.6521943747735348}"
Synthetic_World_1_H1_True,H1,pure_falsification,101,5,SYN_CAND_031,XRD,29.0,0.04703810821610567,0.3770772752192535,False,False,False,0.009583397712644647,0.34368758455860615,0.5100808550066142,"{'H1': 0.04703810821610567, 'H2': 0.04703810821610567, 'H3': 0.9059237835677887}"
Synthetic_World_1_H1_True,H1,pure_falsification,101,6,SYN_CAND_102,XRD,30.0,0.07685757241258605,0.5356468378587271,False,False,False,0.009583397712644647,0.30173062018823193,-0.15856956263947364,"{'H1': 0.07685757241258605, 'H2': 0.07685757241258605, 'H3': 0.8462848551748279}"
Synthetic_World_1_H1_True,H1,pure_falsification,2024,1,SYN_CAND_068,XRD,25.0,0.36405959241117597,1.0898143407257426,False,False,True,0.008273974380760642,0.1253108004490966,0.00879794794236699,"{'H1': 0.36405959241117597, 'H2': 0.36405959241117597, 'H3': 0.27188081517764795}"
Synthetic_World_1_H1_True,H1,pure_falsification,2024,2,SYN_CAND_060,XRD,26.0,0.38245907536901536,1.075545117084765,False,False,True,0.008273974380760642,0.1526418678296515,0.014269223640977602,"{'H1': 0.38245907536901536, 'H2': 0.38245907536901536, 'H3': 0.23508184926196943}"
Synthetic_World_1_H1_True,H1,pure_falsification,2024,3,SYN_CAND_131,XRD,27.0,0.3882264605919747,1.0695570130039824,False,False,True,0.008273974380760642,0.13949089837363438,0.005988104080782541,"{'H1': 0.3882264605919747, 'H2': 0.3882264605919747, 'H3': 0.2235470788160505}"
Synthetic_World_1_H1_True,H1,pure_falsification,2024,4,SYN_CAND_082,XRD,28.0,0.41416378432744755,1.0326810987658406,False,False,True,0.008273974380760642,0.16037292523113678,0.03687591423814185,"{'H1': 0.41416378432744755, 'H2': 0.41416378432744755, 'H3': 0.17167243134510504}"
Synthetic_World_1_H1_True,H1,pure_falsification,2024,5,SYN_CAND_054,PROPERTY,33.0,0.6608294913112578,0.8065671011836753,False,False,True,0.009817865268297057,0.46229284344594856,0.22611399758216533,"{'H1': 0.6608294913112578, 'H2': 0.06525422298023766, 'H3': 0.27391628570850457}"
Synthetic_World_1_H1_True,H1,pure_falsification,2024,6,SYN_CAND_142,XRD,34.0,0.3634236887368533,0.7934187265156583,False,False,False,0.009817865268297057,0.1409075691371069,0.013148374668016993,"{'H1': 0.3634236887368533, 'H2': 0.035886610287441195, 'H3': 0.6006897009757054}"
Synthetic_World_1_H1_True,H1,pure_falsification,42,1,SYN_CAND_018,PROPERTY,29.0,0.46782162003824934,0.8873291804235185,False,False,True,0.009891035825147904,0.3886017692024284,0.21128310824459107,"{'H1': 0.46782162003824934, 'H2': 0.06435675992350144, 'H3': 0.46782162003824934}"
Synthetic_World_1_H1_True,H1,pure_falsification,42,2,SYN_CAND_128,XRD,30.0,0.32424994332063867,0.7943690543378032,False,False,False,0.009891035825147904,0.17506902920018763,0.09296012608571524,"{'H1': 0.32424994332063867, 'H2': 0.04460605252871627, 'H3': 0.631144004150645}"
Synthetic_World_1_H1_True,H1,pure_falsification,42,3,SYN_CAND_042,XRD,31.0,0.006185503898044465,0.04448360008673366,False,False,False,0.009891035825147904,0.22347992911091064,0.7498854542510696,"{'H1': 0.006185503898044465, 'H2': 0.0008509204626750318, 'H3': 0.9929635756392806}"
Synthetic_World_1_H1_True,H1,pure_falsification,42,4,SYN_CAND_091,XRD,32.0,0.0002654545492251744,0.0028608251182240564,False,False,False,0.009891035825147904,0.03439092160015876,0.04162277496850961,"{'H1': 0.0002654545492251744, 'H2': 3.651775369784976e-05, 'H3': 0.999698027697077}"
Synthetic_World_1_H1_True,H1,pure_falsification,42,5,SYN_CAND_072,XRD,33.0,0.00010753624637160218,0.0012694768110657392,False,False,False,0.009891035825147904,0.0022776950640295357,0.0015913483071583173,"{'H1': 0.00010753624637160218, 'H2': 1.4793425729759702e-05, 'H3': 0.9998776703278986}"
Synthetic_World_1_H1_True,H1,pure_falsification,42,6,SYN_CAND_025,XRD,34.0,0.00024499364966399685,0.0026626742294229345,False,False,False,0.009891035825147904,0.0011413935737279663,-0.0013931974183571953,"{'H1': 0.00024499364966399685, 'H2': 3.370301161566485e-05, 'H3': 0.9997213033387203}"
Synthetic_World_1_H1_True,H1,hybrid,42,1,SYN_CAND_079,PROPERTY,29.0,0.4686242117073022,0.8838895526530717,False,False,False,0.01027952822188291,0.3857957716939704,0.21472273601503788,"{'H1': 0.4686242117073022, 'H2': 0.06263527968505597, 'H3': 0.4687405086076417}"
Synthetic_World_1_H1_True,H1,hybrid,42,2,SYN_CAND_128,XRD,30.0,0.32461055012446194,0.7913608288072081,False,False,False,0.01027952822188291,0.17442994403500478,0.09252872384586353,"{'H1': 0.32461055012446194, 'H2': 0.04338673096230198, 'H3': 0.6320027189132362}"
Synthetic_World_1_H1_True,H1,hybrid,42,3,SYN_CAND_042,XRD,31.0,0.006184129532125025,0.04430421069688846,False,False,False,0.01027952822188291,0.22277135538119253,0.7470566181103196,"{'H1': 0.006184129532125025, 'H2': 0.0008265571286683687, 'H3': 0.9929893133392068}"
Synthetic_World_1_H1_True,H1,hybrid,42,4,SYN_CAND_091,XRD,32.0,0.0002653889838082074,0.002849578144421701,False,False,False,0.01027952822188291,0.03425195416609725,0.04145463255246676,"{'H1': 0.0002653889838082074, 'H2': 3.547130688275715e-05, 'H3': 0.9996991397093092}"
Synthetic_World_1_H1_True,H1,hybrid,42,5,SYN_CAND_072,XRD,33.0,0.00010750961452820093,0.0012645127396745653,False,False,False,0.01027952822188291,0.0022687332159425817,0.0015850654047471356,"{'H1': 0.00010750961452820093, 'H2': 1.4369498217502141e-05, 'H3': 0.9998781208872543}"
Synthetic_World_1_H1_True,H1,hybrid,42,6,SYN_CAND_025,XRD,34.0,0.0002449331169459414,0.002652211609758548,False,False,False,0.01027952822188291,0.0011369305909002705,-0.0013876988700839829,"{'H1': 0.0002449331169459414, 'H2': 3.273722078539058e-05, 'H3': 0.9997223296622687}"
Synthetic_World_1_H1_True,H1,hybrid,101,1,SYN_CAND_120,PROPERTY,29.0,0.4790395182651951,0.8380915276578567,False,False,True,0.009583397712644647,0.45449270899760186,0.2605207610102529,"{'H1': 0.4790395182651951, 'H2': 0.04192096346960964, 'H3': 0.4790395182651951}"
Synthetic_World_1_H1_True,H1,hybrid,101,2,SYN_CAND_117,PROPERTY,34.0,0.5026956266371697,0.7177321530376826,False,False,True,0.009583397712644647,0.14464407365908016,0.1203593746201741,"{'H1': 0.5026956266371697, 'H2': 0.004276947380836024, 'H3': 0.4930274259819948}"
Synthetic_World_1_H1_True,H1,hybrid,101,3,SYN_CAND_002,XRD,35.0,0.08327843941998699,0.2924895034770037,False,False,False,0.009583397712644647,0.10676152232715186,0.42524264956067886,"{'H1': 0.08327843941998699, 'H2': 0.0007085351144590385, 'H3': 0.916013025465554}"
Synthetic_World_1_H1_True,H1,hybrid,101,4,SYN_CAND_147,XRD,36.0,0.04925573771461518,0.19997505877540228,False,False,False,0.009583397712644647,0.22123668523290121,0.09251444470160142,"{'H1': 0.04925573771461518, 'H2': 0.0004190690892199079, 'H3': 0.9503251931961644}"
Synthetic_World_1_H1_True,H1,hybrid,101,5,SYN_CAND_105,XRD,37.0,0.03812739273801459,0.16486426592436382,False,False,False,0.009583397712644647,0.15801733466027434,0.035110792851038464,"{'H1': 0.03812739273801459, 'H2': 0.0003243888426080464, 'H3': 0.961548218419377}"
Synthetic_World_1_H1_True,H1,hybrid,101,6,SYN_CAND_034,XRD,38.0,0.01937181982677691,0.09718141456345974,False,False,False,0.009583397712644647,0.13119052125940606,0.06768285136090407,"{'H1': 0.01937181982677691, 'H2': 0.0001648159436444852, 'H3': 0.9804633642295792}"
Synthetic_World_1_H1_True,H1,hybrid,2024,1,SYN_CAND_048,PROPERTY,29.0,0.48192549879876734,0.8235967273884934,False,False,True,0.009413052332807382,0.4629410677029683,0.2750155612796161,"{'H1': 0.48192549879876734, 'H2': 0.03614900240246516, 'H3': 0.48192549879876734}"
Synthetic_World_1_H1_True,H1,hybrid,2024,2,SYN_CAND_068,XRD,30.0,0.5489038841507468,0.826154415870415,False,False,True,0.009413052332807382,0.20667083667891717,-0.002557688481921616,"{'H1': 0.5489038841507468, 'H2': 0.04117301922464401, 'H3': 0.4099230966246092}"
Synthetic_World_1_H1_True,H1,hybrid,2024,3,SYN_CAND_082,XRD,31.0,0.33285026022592107,0.7427005613087767,False,False,False,0.009413052332807382,0.21317681650877063,0.08345385456163834,"{'H1': 0.33285026022592107, 'H2': 0.024966939675445856, 'H3': 0.642182800098633}"
Synthetic_World_1_H1_True,H1,hybrid,2024,4,SYN_CAND_021,XRD,32.0,0.34979765284859987,0.7572490586147902,False,False,False,0.009413052332807382,0.23882295334521864,-0.014548497306013486,"{'H1': 0.34979765284859987, 'H2': 0.026238155533830115, 'H3': 0.62396419161757}"
Synthetic_World_1_H1_True,H1,hybrid,2024,5,SYN_CAND_013,XRD,33.0,0.43378085894971696,0.8088823734018956,False,False,False,0.009413052332807382,0.19961614344836986,-0.05163331478710542,"{'H1': 0.43378085894971696, 'H2': 0.03253769587083909, 'H3': 0.5336814451794439}"
Synthetic_World_1_H1_True,H1,hybrid,2024,6,SYN_CAND_131,XRD,34.0,0.07030879516644233,0.2869725654188843,False,False,False,0.009413052332807382,0.2288104367662276,0.5219098079830113,"{'H1': 0.07030879516644233, 'H2': 0.005273829278013407, 'H3': 0.9244173755555444}"
Synthetic_World_1_H1_True,H1,discovery_only,42,1,SYN_CAND_122,PROPERTY,29.0,0.46691460746606456,0.890976153269246,False,False,True,0.010528194748824271,0.38027329161911605,0.2076361353988636,"{'H1': 0.46691460746606456, 'H2': 0.06620952409504124, 'H3': 0.4668758684388941}"
Synthetic_World_1_H1_True,H1,discovery_only,42,2,SYN_CAND_062,PROPERTY,34.0,0.48903611039604555,0.7417921854176712,False,False,False,0.010528194748824271,0.12992431651434233,0.14918396785157473,"{'H1': 0.48903611039604555, 'H2': 0.009909864461472226, 'H3': 0.5010540251424821}"
Synthetic_World_1_H1_True,H1,discovery_only,42,3,SYN_CAND_003,PROPERTY,39.0,0.49329642887013014,0.7024262562742632,False,False,False,0.01071888200815154,0.024445608185932777,0.039365929143407974,"{'H1': 0.49329642887013014, 'H2': 0.0013530713989358116, 'H3': 0.5053504997309339}"
Synthetic_World_1_H1_True,H1,discovery_only,42,4,SYN_CAND_029,PROPERTY,44.0,0.501720038312986,0.6947611342443223,False,False,True,0.01071888200815154,0.012967948734896928,0.007665122029940963,"{'H1': 0.501720038312986, 'H2': 0.00018167029775761166, 'H3': 0.49809829138925565}"
Synthetic_World_1_H1_True,H1,discovery_only,42,5,SYN_CAND_079,PROPERTY,49.0,0.5019005124451472,0.693404368736505,False,False,True,0.01071888200815154,0.0013806152680506667,0.0013567655078172702,"{'H1': 0.5019005124451472, 'H2': 2.418523799601742e-05, 'H3': 0.49807530231685665}"
Synthetic_World_1_H1_True,H1,discovery_only,42,6,SYN_CAND_075,PROPERTY,54.0,0.5019095547943875,0.693181679486659,False,False,True,0.01071888200815154,0.00018926022642684615,0.0002226892498460309,"{'H1': 0.5019095547943875, 'H2': 3.2279907581168605e-06, 'H3': 0.49808721721485316}"
Synthetic_World_1_H1_True,H1,discovery_only,101,1,SYN_CAND_048,PROPERTY,29.0,0.46777098535053474,0.8584455456064803,False,False,False,0.010244958943927358,0.435444260876785,0.24016674306162922,"{'H1': 0.46777098535053474, 'H2': 0.05068641228831405, 'H3': 0.4815426023611511}"
Synthetic_World_1_H1_True,H1,discovery_only,101,2,SYN_CAND_078,PROPERTY,34.0,0.49029470386721524,0.7209636593989375,False,False,False,0.010244958943927358,0.1425702890853091,0.13748188620754287,"{'H1': 0.49029470386721524, 'H2': 0.004979964921057189, 'H3': 0.5047253312117278}"
Synthetic_World_1_H1_True,H1,discovery_only,101,3,SYN_CAND_102,PROPERTY,39.0,0.49254177501756524,0.6967886542837554,False,False,False,0.010511362308470341,0.02187057874224041,0.024175005115182113,"{'H1': 0.49254177501756524, 'H2': 0.00047003729250991974, 'H3': 0.5069881876899239}"
Synthetic_World_1_H1_True,H1,discovery_only,101,4,SYN_CAND_120,PROPERTY,44.0,0.48967813702866175,0.693375784570676,False,False,False,0.010511362308470341,0.0029236707081332636,0.003412869713079414,"{'H1': 0.48967813702866175, 'H2': 4.24986886988423e-05, 'H3': 0.5102793642826394}"
Synthetic_World_1_H1_True,H1,discovery_only,101,5,SYN_CAND_113,PROPERTY,49.0,0.4897731670685367,0.6929867491164816,False,False,False,0.010511362308470341,0.00037785061654704855,0.00038903545419433083,"{'H1': 0.4897731670685367, 'H2': 3.807662253870951e-06, 'H3': 0.5102230252692094}"
Synthetic_World_1_H1_True,H1,discovery_only,101,6,SYN_CAND_082,PROPERTY,54.0,0.4897747351870792,0.6929432700170985,False,False,False,0.010511362308470341,4.240784137987674e-05,4.347909938307026e-05,"{'H1': 0.4897747351870792, 'H2': 3.428722086930919e-07, 'H3': 0.5102249219407128}"
Synthetic_World_1_H1_True,H1,discovery_only,2024,1,SYN_CAND_072,PROPERTY,29.0,0.4534594941237152,0.9382545996158514,False,False,True,0.008273974380760642,0.31384381412993767,0.1603576890522581,"{'H1': 0.4534594941237152, 'H2': 0.09309204345065902, 'H3': 0.4534484624256257}"
Synthetic_World_1_H1_True,H1,discovery_only,2024,2,SYN_CAND_068,PROPERTY,34.0,0.4896375456757035,0.7795435060704194,False,False,False,0.008551080604879493,0.12419285135543445,0.158711093545432,"{'H1': 0.4896375456757035, 'H2': 0.02069792787995973, 'H3': 0.4896645264443372}"
Synthetic_World_1_H1_True,H1,discovery_only,2024,3,SYN_CAND_050,PROPERTY,39.0,0.49781812149512406,0.7173880281102559,False,False,False,0.008847145439332025,0.039653876811425404,0.06215547796016352,"{'H1': 0.49781812149512406, 'H2': 0.0041949109802526295, 'H3': 0.49798696752462357}"
Synthetic_World_1_H1_True,H1,discovery_only,2024,4,SYN_CAND_078,PROPERTY,44.0,0.4995065513556001,0.699220350783873,False,False,False,0.00889848040089176,0.015214451555240927,0.018167677326382914,"{'H1': 0.4995065513556001, 'H2': 0.0008191910125161615, 'H3': 0.4996742576318842}"
Synthetic_World_1_H1_True,H1,discovery_only,2024,5,SYN_CAND_003,PROPERTY,49.0,0.49993513423751795,0.6945263173403975,False,False,True,0.009364430862493438,0.003196525527249028,0.00469403344347552,"{'H1': 0.49993513423751795, 'H2': 0.0001515282866525498, 'H3': 0.4999133374758307}"
Synthetic_World_1_H1_True,H1,discovery_only,2024,6,SYN_CAND_034,PROPERTY,54.0,0.499973831460213,0.6934114629791313,False,False,False,0.010152119836683458,0.000646304325431224,0.0011148543612662376,"{'H1': 0.499973831460213, 'H2': 2.4162930435438948e-05, 'H3': 0.5000020056093514}"
Synthetic_World_1_H1_True,H1,uncertainty_only,42,1,SYN_CAND_018,PROPERTY,29.0,0.46782162003824934,0.8873291804235185,False,False,True,0.009891035825147904,0.0,0.21128310824459107,"{'H1': 0.46782162003824934, 'H2': 0.06435675992350144, 'H3': 0.46782162003824934}"
Synthetic_World_1_H1_True,H1,uncertainty_only,42,2,SYN_CAND_025,PROPERTY,34.0,0.4813852755809105,0.7402627365703935,False,False,False,0.009891035825147904,0.0,0.14706644385312495,"{'H1': 0.4813852755809105, 'H2': 0.009599978638066128, 'H3': 0.5090147457810238}"
Synthetic_World_1_H1_True,H1,uncertainty_only,42,3,SYN_CAND_062,PROPERTY,39.0,0.4855595473280442,0.7015293413965518,False,False,False,0.009891035825147904,0.0,0.03873339517384178,"{'H1': 0.4855595473280442, 'H2': 0.0012543006433519868, 'H3': 0.5131861520286038}"
Synthetic_World_1_H1_True,H1,uncertainty_only,42,4,SYN_CAND_043,PROPERTY,44.0,0.4877916299540277,0.6943297197018885,False,False,False,0.009891035825147904,0.0,0.007199621694663261,"{'H1': 0.4877916299540277, 'H2': 0.00016363191747168773, 'H3': 0.512044738128501}"
Synthetic_World_1_H1_True,H1,uncertainty_only,42,5,SYN_CAND_023,PROPERTY,49.0,0.4945044120355117,0.6933256195450729,False,False,False,0.009891035825147904,0.0,0.0010041001568156238,"{'H1': 0.4945044120355117, 'H2': 2.159350438138686e-05, 'H3': 0.5054739944601061}"
Synthetic_World_1_H1_True,H1,uncertainty_only,42,6,SYN_CAND_019,PROPERTY,54.0,0.494605244802486,0.6931260012189646,False,False,False,0.009891035825147904,0.0,0.00019961832610826402,"{'H1': 0.494605244802486, 'H2': 2.8280061126569046e-06, 'H3': 0.5053919271914002}"
Synthetic_World_1_H1_True,H1,uncertainty_only,101,1,SYN_CAND_120,PROPERTY,29.0,0.4790395182651951,0.8380915276578567,False,False,True,0.009583397712644647,0.0,0.2605207610102529,"{'H1': 0.4790395182651951, 'H2': 0.04192096346960964, 'H3': 0.4790395182651951}"
Synthetic_World_1_H1_True,H1,uncertainty_only,101,2,SYN_CAND_150,PROPERTY,34.0,0.498213436583796,0.715159190673194,False,False,True,0.009583397712644647,0.0,0.12293233698466266,"{'H1': 0.498213436583796, 'H2': 0.0037338215954670242, 'H3': 0.49805274182073733}"
Synthetic_World_1_H1_True,H1,uncertainty_only,101,3,SYN_CAND_127,PROPERTY,39.0,0.49992059931132804,0.6958282052220077,False,False,True,0.009583397712644647,0.0,0.019330985451186278,"{'H1': 0.49992059931132804, 'H2': 0.00032106031048581205, 'H3': 0.4997583403781861}"
Synthetic_World_1_H1_True,H1,uncertainty_only,101,4,SYN_CAND_059,PROPERTY,44.0,0.5000656924983232,0.6934449272822159,False,False,True,0.009583397712644647,0.0,0.0023832779397918724,"{'H1': 0.5000656924983232, 'H2': 2.7554537087575563e-05, 'H3': 0.49990675296458936}"
Synthetic_World_1_H1_True,H1,uncertainty_only,101,5,SYN_CAND_028,PROPERTY,49.0,0.5000790535967375,0.6931785325173748,False,False,True,0.009583397712644647,0.0,0.000266394764841027,"{'H1': 0.5000790535967375, 'H2': 2.365096771406569e-06, 'H3': 0.49991858130649003}"
Synthetic_World_1_H1_True,H1,uncertainty_only,101,6,SYN_CAND_077,PROPERTY,54.0,0.5000832562248666,0.6931503576011057,False,False,True,0.009583397712644647,0.0,2.8174916269163575e-05,"{'H1': 0.5000832562248666, 'H2': 2.030275150914175e-07, 'H3': 0.49991654074761777}"
Synthetic_World_1_H1_True,H1,uncertainty_only,2024,1,SYN_CAND_048,PROPERTY,29.0,0.48192549879876734,0.8235967273884934,False,False,True,0.009413052332807382,0.0,0.2750155612796161,"{'H1': 0.48192549879876734, 'H2': 0.03614900240246516, 'H3': 0.48192549879876734}"
Synthetic_World_1_H1_True,H1,uncertainty_only,2024,2,SYN_CAND_054,PROPERTY,34.0,0.49895992350093904,0.7103753065778188,False,False,True,0.009817865268297057,0.0,0.11322142081067466,"{'H1': 0.49895992350093904, 'H2': 0.002783477697913311, 'H3': 0.498256598801148}"
Synthetic_World_1_H1_True,H1,uncertainty_only,2024,3,SYN_CAND_105,PROPERTY,39.0,0.5001281709391336,0.6950006159897857,False,False,True,0.009817865268297057,0.0,0.01537469058803309,"{'H1': 0.5001281709391336, 'H2': 0.00021138490739113438, 'H3': 0.49966044415347466}"
Synthetic_World_1_H1_True,H1,uncertainty_only,2024,4,SYN_CAND_097,PROPERTY,44.0,0.5001999504555164,0.6933374744368904,False,False,True,0.010348076703638376,0.0,0.0016631415528952642,"{'H1': 0.5001999504555164, 'H2': 1.6850907661509595e-05, 'H3': 0.49978319863682213}"
Synthetic_World_1_H1_True,H1,uncertainty_only,2024,5,SYN_CAND_053,PROPERTY,49.0,0.500207712449032,0.6931657189088698,False,False,True,0.010456335172802126,0.0,0.00017175552802062288,"{'H1': 0.500207712449032, 'H2': 1.347282292804439e-06, 'H3': 0.49979094026867704}"
Synthetic_World_1_H1_True,H1,uncertainty_only,2024,6,SYN_CAND_130,PROPERTY,54.0,0.5002055536174036,0.693148862539835,False,False,True,0.010456335172802126,0.0,1.6856369034812246e-05,"{'H1': 0.5002055536174036, 'H2': 1.0806165578641486e-07, 'H3': 0.49979433832094045}"
Synthetic_World_1_H1_True,H1,random_action,42,1,SYN_CAND_074,PROPERTY,29.0,0.4397998636201368,0.9771790589148224,False,False,False,0.009891035825147904,0.0,0.12143322975328719,"{'H1': 0.4397998636201368, 'H2': 0.12021919378499522, 'H3': 0.439980942594868}"
Synthetic_World_1_H1_True,H1,random_action,42,2,SYN_CAND_105,PROPERTY,34.0,0.48604256158515247,0.8020804778308971,False,False,True,0.009891035825147904,0.0,0.1750985810839253,"{'H1': 0.48604256158515247, 'H2': 0.028218159131259475, 'H3': 0.4857392792835878}"
Synthetic_World_1_H1_True,H1,random_action,42,3,SYN_CAND_067,PROPERTY,39.0,0.495215623806033,0.7424156889159,False,False,True,0.009891035825147904,0.0,0.05966478891499705,"{'H1': 0.495215623806033, 'H2': 0.010050921415107788, 'H3': 0.49473345477885894}"
Synthetic_World_1_H1_True,H1,random_action,42,4,SYN_CAND_039,PROPERTY,44.0,0.4992575192396299,0.7057879788591304,False,False,True,0.009891035825147904,0.0,0.03662771005676968,"{'H1': 0.4992575192396299, 'H2': 0.0019277645000413646, 'H3': 0.49881471626032925}"
Synthetic_World_1_H1_True,H1,random_action,42,5,SYN_CAND_115,PROPERTY,49.0,0.5000913380138373,0.6976196511486787,False,False,True,0.009891035825147904,0.0,0.008168327710451617,"{'H1': 0.5000913380138373, 'H2': 0.0005759351330076811, 'H3': 0.49933272685315583}"
Synthetic_World_1_H1_True,H1,random_action,42,6,SYN_CAND_146,PROPERTY,54.0,0.500220358989601,0.6948796312800405,False,False,True,0.009891035825147904,0.0,0.002740019868638255,"{'H1': 0.500220358989601, 'H2': 0.00019589799747387127, 'H3': 0.49958374301292646}"
Synthetic_World_1_H1_True,H1,random_action,101,1,SYN_CAND_013,PROPERTY,29.0,0.47587804029408964,0.8530187863692105,False,False,False,0.009583397712644647,0.0,0.2455935022988991,"{'H1': 0.47587804029408964, 'H2': 0.048243919008488644, 'H3': 0.47587804069742157}"
Synthetic_World_1_H1_True,H1,random_action,101,2,SYN_CAND_128,PROPERTY,34.0,0.49757062889128384,0.7199443966012982,False,False,False,0.009583397712644647,0.0,0.1330743897679123,"{'H1': 0.49757062889128384, 'H2': 0.0047371742654025994, 'H3': 0.49769219684331373}"
Synthetic_World_1_H1_True,H1,random_action,101,3,SYN_CAND_063,PROPERTY,39.0,0.5000837311854175,0.6974836819405918,False,False,True,0.009583397712644647,0.0,0.022460714660706316,"{'H1': 0.5000837311854175, 'H2': 0.0005558869121604959, 'H3': 0.4993603819024214}"
Synthetic_World_1_H1_True,H1,random_action,101,4,SYN_CAND_033,PROPERTY,44.0,0.5004278259624623,0.6937166208248069,False,False,True,0.009583397712644647,0.0,0.003767061115784953,"{'H1': 0.5004278259624623, 'H2': 5.648668031212143e-05, 'H3': 0.4995156873572258}"
Synthetic_World_1_H1_True,H1,random_action,101,5,SYN_CAND_008,XRD,45.0,0.4713725882445255,0.6920501401702261,False,False,False,0.009583397712644647,0.0,0.0016664806545807487,"{'H1': 0.4713725882445255, 'H2': 5.320701871215098e-05, 'H3': 0.5285742047367629}"
Synthetic_World_1_H1_True,H1,random_action,101,6,SYN_CAND_034,XRD,46.0,0.012145295123624264,0.06566173294417017,False,False,False,0.009583397712644647,0.0,0.6263884072260559,"{'H1': 0.012145295123624264, 'H2': 1.370921774034189e-06, 'H3': 0.987853333954601}"
Synthetic_World_1_H1_True,H1,random_action,2024,1,SYN_CAND_092,PROPERTY,29.0,0.47123772821586596,0.8733753825856878,False,False,False,0.009580241378791638,0.0,0.22523690608242175,"{'H1': 0.47123772821586596, 'H2': 0.05752454356796042, 'H3': 0.47123772821617355}"
Synthetic_World_1_H1_True,H1,random_action,2024,2,SYN_CAND_073,XRD,30.0,0.4332579932556361,0.8599878936164632,False,False,False,0.009580241378791638,0.0,0.013387488969224592,"{'H1': 0.4332579932556361, 'H2': 0.052888312664524505, 'H3': 0.5138536940798394}"
Synthetic_World_1_H1_True,H1,random_action,2024,3,SYN_CAND_075,PROPERTY,35.0,0.4524704432699465,0.743568730628589,False,False,False,0.009580241378791638,0.0,0.11641916298787425,"{'H1': 0.4524704432699465, 'H2': 0.011277459954902456, 'H3': 0.536252096775151}"
Synthetic_World_1_H1_True,H1,random_action,2024,4,SYN_CAND_039,PROPERTY,40.0,0.4568248718329639,0.7013916113285377,False,False,False,0.009580241378791638,0.0,0.0421771193000513,"{'H1': 0.4568248718329639, 'H2': 0.0017829954553543225, 'H3': 0.5413921327116822}"
Synthetic_World_1_H1_True,H1,random_action,2024,5,SYN_CAND_003,PROPERTY,45.0,0.4680246085966829,0.6942378065237251,False,False,False,0.009580241378791638,0.0,0.007153804804812536,"{'H1': 0.4680246085966829, 'H2': 0.0003805826888235346, 'H3': 0.531594808714493}"
Synthetic_World_1_H1_True,H1,random_action,2024,6,SYN_CAND_101,PROPERTY,50.0,0.4681441791785849,0.6918427377764857,False,False,False,0.009580241378791638,0.0,0.0023950687472393817,"{'H1': 0.4681441791785849, 'H2': 7.348214595298411e-05, 'H3': 0.531782338675463}"
Synthetic_World_2_H2_True,H2,pure_falsification,101,1,SYN_CAND_049,PROPERTY,29.0,0.07058832332588774,0.8958891005246539,False,False,False,0.01467158934879231,0.4409236382539168,0.2027231881434557,"{'H1': 0.5049414687268885, 'H2': 0.07058832332588774, 'H3': 0.4244702079472239}"
Synthetic_World_2_H2_True,H2,pure_falsification,101,2,SYN_CAND_120,PROPERTY,34.0,0.009144655841514715,0.7220405868875843,False,False,False,0.01467158934879231,0.17883017110130106,0.17384851363706955,"{'H1': 0.5864033264795289, 'H2': 0.009144655841514715, 'H3': 0.4044520176789566}"
Synthetic_World_2_H2_True,H2,pure_falsification,101,3,SYN_CAND_002,XRD,35.0,0.003626490597742208,0.5653758297446362,False,False,False,0.01467158934879231,0.01666562950914574,0.15666475714294814,"{'H1': 0.23254961004749208, 'H2': 0.003626490597742208, 'H3': 0.7638238993547658}"
Synthetic_World_2_H2_True,H2,pure_falsification,101,4,SYN_CAND_121,XRD,36.0,0.0007599588972194694,0.20094617572930917,False,False,False,0.01467158934879231,0.012619356144517702,0.364429654015327,"{'H1': 0.04873255298401647, 'H2': 0.0007599588972194694, 'H3': 0.9505074881187643}"
Synthetic_World_2_H2_True,H2,pure_falsification,101,5,SYN_CAND_063,XRD,37.0,0.0007554995305764061,0.2000639949416511,False,False,False,0.01467158934879231,0.006014422308555867,0.0008821807876580601,"{'H1': 0.04844659499075741, 'H2': 0.0007554995305764061, 'H3': 0.9507979054786664}"
Synthetic_World_2_H2_True,H2,pure_falsification,101,6,SYN_CAND_061,XRD,38.0,0.0006600623165787493,0.18073422561241936,False,False,False,0.01467158934879231,0.010127836361018383,0.01932976932923175,"{'H1': 0.04232665994584326, 'H2': 0.0006600623165787493, 'H3': 0.9570132777375782}"
Synthetic_World_2_H2_True,H2,pure_falsification,42,1,SYN_CAND_108,PROPERTY,29.0,0.029750327848633927,0.8063990285288791,False,False,False,0.0092802989086349,0.45983802572390253,0.29221326013923044,"{'H1': 0.4850739209305444, 'H2': 0.029750327848633927, 'H3': 0.4851757512208218}"
Synthetic_World_2_H2_True,H2,pure_falsification,42,2,SYN_CAND_116,XRD,30.0,0.024444314377755648,0.7746576905484124,False,False,False,0.0092802989086349,0.031596176455929825,0.031741337980466744,"{'H1': 0.3985602941925655, 'H2': 0.024444314377755648, 'H3': 0.5769953914296788}"
Synthetic_World_2_H2_True,H2,pure_falsification,42,3,SYN_CAND_147,XRD,31.0,0.02020966201339893,0.7245076400700506,False,False,False,0.0092802989086349,0.03098123194846203,0.05015005047836174,"{'H1': 0.32951502394857274, 'H2': 0.02020966201339893, 'H3': 0.6502753140380286}"
Synthetic_World_2_H2_True,H2,pure_falsification,42,4,SYN_CAND_115,XRD,32.0,3.075659568415924e-11,1.2015138061060638e-08,False,False,False,0.0092802989086349,0.0805095437497586,0.7245076280549125,"{'H1': 5.014809429629734e-10, 'H2': 3.075659568415924e-11, 'H3': 0.9999999994677626}"
Synthetic_World_2_H2_True,H2,pure_falsification,42,5,SYN_CAND_068,XRD,33.0,5.869803599063405e-11,2.2274042339683484e-08,False,False,False,0.0092802989086349,4.723521600910355e-09,-1.0258904278622846e-08,"{'H1': 9.57061267148571e-10, 'H2': 5.869803599063405e-11, 'H3': 0.9999999989842405}"
Synthetic_World_2_H2_True,H2,pure_falsification,42,6,SYN_CAND_015,XRD,34.0,9.749917789655104e-10,3.225675613868106e-07,False,False,False,0.0092802989086349,1.3430473569145568e-08,-3.002935190471271e-07,"{'H1': 1.5897071370242475e-08, 'H2': 9.749917789655104e-10, 'H3': 0.9999999831279373}"
Synthetic_World_2_H2_True,H2,pure_falsification,2024,1,SYN_CAND_135,PROPERTY,29.0,0.11812106562531502,0.960918754440634,False,False,False,0.015566810696946634,0.30742639501598346,0.13769353422747554,"{'H1': 0.3639331794173086, 'H2': 0.11812106562531502, 'H3': 0.5179457549573762}"
Synthetic_World_2_H2_True,H2,pure_falsification,2024,2,SYN_CAND_147,PROPERTY,34.0,0.051528854386406045,0.8455883468949397,False,False,False,0.015566810696946634,0.20885978141069872,0.11533040754569435,"{'H1': 0.39058048484629404, 'H2': 0.051528854386406045, 'H3': 0.5578906607672998}"
Synthetic_World_2_H2_True,H2,pure_falsification,2024,3,SYN_CAND_127,PROPERTY,39.0,0.01330638871008229,0.745305045157099,False,False,False,0.015566810696946634,0.08207396353686103,0.10028330173784061,"{'H1': 0.4256691582724706, 'H2': 0.01330638871008229, 'H3': 0.5610244530174464}"
Synthetic_World_2_H2_True,H2,pure_falsification,2024,4,SYN_CAND_075,PROPERTY,44.0,0.003047821214673821,0.7020187474043053,False,False,False,0.015566810696946634,0.03546498551115995,0.0432862977527938,"{'H1': 0.4289961492136153, 'H2': 0.003047821214673821, 'H3': 0.5679560295717111}"
Synthetic_World_2_H2_True,H2,pure_falsification,2024,5,SYN_CAND_108,XRD,45.0,0.00295769336501608,0.6976545420320879,False,False,False,0.015566810696946634,0.003893311462052851,0.004364205372217378,"{'H1': 0.41631020154256276, 'H2': 0.00295769336501608, 'H3': 0.580732105092421}"
Synthetic_World_2_H2_True,H2,pure_falsification,2024,6,SYN_CAND_051,PROPERTY,50.0,0.0007756453680334157,0.685711514546884,False,False,False,0.015566810696946634,0.012807761188775357,0.011943027485203928,"{'H1': 0.41849587720492776, 'H2': 0.0007756453680334157, 'H3': 0.5807284774270377}"
Synthetic_World_2_H2_True,H2,hybrid,42,1,SYN_CAND_097,PROPERTY,29.0,0.032771608372994934,0.8146781636376543,False,False,False,0.0092802989086349,0.455304146194655,0.28393412503045523,"{'H1': 0.48268174326769925, 'H2': 0.032771608372994934, 'H3': 0.48454664835930567}"
Synthetic_World_2_H2_True,H2,hybrid,42,2,SYN_CAND_140,PROPERTY,34.0,0.004633104274966904,0.7193360251473854,False,False,False,0.01879599904819354,0.09335309774887146,0.09534213849026896,"{'H1': 0.505502090884238, 'H2': 0.004633104274966904, 'H3': 0.489864804840795}"
Synthetic_World_2_H2_True,H2,hybrid,42,3,SYN_CAND_069,PROPERTY,39.0,0.0003743102332203511,0.6702507289653421,False,False,False,0.01879599904819354,0.09142584871524295,0.04908529618204327,"{'H1': 0.386390017971493, 'H2': 0.0003743102332203511, 'H3': 0.6132356717952873}"
Synthetic_World_2_H2_True,H2,hybrid,42,4,SYN_CAND_139,XRD,40.0,0.000393678790595675,0.6787899283591252,False,False,False,0.01879599904819354,0.02601358540828813,-0.008539199393783115,"{'H1': 0.40638363975400965, 'H2': 0.000393678790595675, 'H3': 0.5932226814553946}"
Synthetic_World_2_H2_True,H2,hybrid,42,5,SYN_CAND_147,XRD,41.0,0.00026722795656186057,0.5913723795082517,False,False,False,0.01879599904819354,0.02792123754232656,0.0874175488508735,"{'H1': 0.2758519692344032, 'H2': 0.00026722795656186057, 'H3': 0.7238808028090351}"
Synthetic_World_2_H2_True,H2,hybrid,42,6,SYN_CAND_116,XRD,42.0,2.850350610436959e-10,4.725732697930052e-06,False,False,False,0.01879599904819354,0.20199936820187475,0.5913676537755538,"{'H1': 2.942337467283307e-07, 'H2': 2.850350610436959e-10, 'H3': 0.9999997054812181}"
Synthetic_World_2_H2_True,H2,hybrid,2024,1,SYN_CAND_135,PROPERTY,29.0,0.11812106562531502,0.960918754440634,False,False,False,0.015566810696946634,0.30742639501598346,0.13769353422747554,"{'H1': 0.3639331794173086, 'H2': 0.11812106562531502, 'H3': 0.5179457549573762}"
Synthetic_World_2_H2_True,H2,hybrid,2024,2,SYN_CAND_147,PROPERTY,34.0,0.051528854386406045,0.8455883468949397,False,False,False,0.015566810696946634,0.20885978141069872,0.11533040754569435,"{'H1': 0.39058048484629404, 'H2': 0.051528854386406045, 'H3': 0.5578906607672998}"
Synthetic_World_2_H2_True,H2,hybrid,2024,3,SYN_CAND_127,PROPERTY,39.0,0.01330638871008229,0.745305045157099,False,False,False,0.015566810696946634,0.08207396353686103,0.10028330173784061,"{'H1': 0.4256691582724706, 'H2': 0.01330638871008229, 'H3': 0.5610244530174464}"
Synthetic_World_2_H2_True,H2,hybrid,2024,4,SYN_CAND_075,PROPERTY,44.0,0.003047821214673821,0.7020187474043053,False,False,False,0.015566810696946634,0.03546498551115995,0.0432862977527938,"{'H1': 0.4289961492136153, 'H2': 0.003047821214673821, 'H3': 0.5679560295717111}"
Synthetic_World_2_H2_True,H2,hybrid,2024,5,SYN_CAND_058,PROPERTY,49.0,0.0011688914067952364,0.6881347242254678,False,False,False,0.015566810696946634,0.009197007491060671,0.013884023178837412,"{'H1': 0.41821144058912796, 'H2': 0.0011688914067952364, 'H3': 0.5806196680040775}"
Synthetic_World_2_H2_True,H2,hybrid,2024,6,SYN_CAND_066,PROPERTY,54.0,0.0003892233008229581,0.611212287604536,False,False,False,0.01935112065600492,0.024784637965731493,0.07692243662093179,"{'H1': 0.2965400733187466, 'H2': 0.0003892233008229581, 'H3': 0.7030707033804308}"
Synthetic_World_2_H2_True,H2,hybrid,101,1,SYN_CAND_060,PROPERTY,29.0,0.04858865904626977,0.8537907740460902,False,False,False,0.006810971300544026,0.4392294477162765,0.2448215146220194,"{'H1': 0.47296466169276147, 'H2': 0.04858865904626977, 'H3': 0.4784466792609688}"
Synthetic_World_2_H2_True,H2,hybrid,101,2,SYN_CAND_099,PROPERTY,34.0,0.005159738351277022,0.7218745501489439,False,False,False,0.006810971300544026,0.1523546766181727,0.1319162238971463,"{'H1': 0.494407648788652, 'H2': 0.005159738351277022, 'H3': 0.5004326128600707}"
Synthetic_World_2_H2_True,H2,hybrid,101,3,SYN_CAND_076,PROPERTY,39.0,0.0007465789760675015,0.6945972951974917,False,False,False,0.01404376333914702,0.026543327120345017,0.027277254951452168,"{'H1': 0.5451526112891912, 'H2': 0.0007465789760675015, 'H3': 0.4541008097347408}"
Synthetic_World_2_H2_True,H2,hybrid,101,4,SYN_CAND_032,PROPERTY,44.0,8.639423835328932e-05,0.6935023464313645,False,False,False,0.01404376333914702,0.09135528065949183,0.0010949487661271462,"{'H1': 0.4844716811357461, 'H2': 8.639423835328932e-05, 'H3': 0.5154419246259014}"
Synthetic_World_2_H2_True,H2,hybrid,101,5,SYN_CAND_062,PROPERTY,49.0,1.0617067875674987e-05,0.6748406035250312,False,False,False,0.01404376333914702,0.03952051138380841,0.01866174290633338,"{'H1': 0.40429276795300534, 'H2': 1.0617067875674987e-05, 'H3': 0.5956966149791197}"
Synthetic_World_2_H2_True,H2,hybrid,101,6,SYN_CAND_073,PROPERTY,54.0,1.389232059007251e-06,0.6930757987732399,False,False,False,0.01404376333914702,0.02839860338622402,-0.018235195248208713,"{'H1': 0.4932709528544949, 'H2': 1.389232059007251e-06, 'H3': 0.5067276579134461}"
Synthetic_World_2_H2_True,H2,discovery_only,42,1,SYN_CAND_037,PROPERTY,29.0,0.04573687896668818,0.8471982232322122,False,False,False,0.016844665793616334,0.4521274013854897,0.2514140654358974,"{'H1': 0.4746775443337805, 'H2': 0.04573687896668818, 'H3': 0.4795855766995316}"
Synthetic_World_2_H2_True,H2,discovery_only,42,2,SYN_CAND_112,PROPERTY,34.0,0.004662921810943964,0.7105557378059724,False,False,False,0.016844665793616334,0.1310517776889153,0.1366424854262398,"{'H1': 0.43068711101874807, 'H2': 0.004662921810943964, 'H3': 0.5646499671703082}"
Synthetic_World_2_H2_True,H2,discovery_only,42,3,SYN_CAND_148,PROPERTY,39.0,0.0003417584246987678,0.683733768565018,False,False,False,0.016844665793616334,0.02195261215700728,0.02682196924095437,"{'H1': 0.4217532571546063, 'H2': 0.0003417584246987678, 'H3': 0.5779049844206955}"
Synthetic_World_2_H2_True,H2,discovery_only,42,4,SYN_CAND_136,PROPERTY,44.0,2.1445353377546292e-05,0.6811355962357877,False,False,False,0.016844665793616334,0.0024063724287969324,0.0025981723292303194,"{'H1': 0.4218920716306285, 'H2': 2.1445353377546292e-05, 'H3': 0.5780864830159945}"
Synthetic_World_2_H2_True,H2,discovery_only,42,5,SYN_CAND_079,PROPERTY,49.0,1.4087107649343136e-06,0.6872010338099357,False,False,False,0.016844665793616334,0.012623904389611251,-0.006065437574148014,"{'H1': 0.4454388803115626, 'H2': 1.4087107649343136e-06, 'H3': 0.5545597109776732}"
Synthetic_World_2_H2_True,H2,discovery_only,42,6,SYN_CAND_069,PROPERTY,54.0,8.920569993472643e-08,0.6871812384854511,False,False,False,0.016844665793616334,1.4761344258706899e-05,1.9795324484594978e-05,"{'H1': 0.44543101996291334, 'H2': 8.920569993472643e-08, 'H3': 0.5545688908313859}"
Synthetic_World_2_H2_True,H2,discovery_only,2024,1,SYN_CAND_051,PROPERTY,29.0,0.11894415669586471,0.9690718907910092,False,False,False,0.015566810696946634,0.2957262788821887,0.12954039787710037,"{'H1': 0.4937490332135257, 'H2': 0.11894415669586471, 'H3': 0.38730681009060963}"
Synthetic_World_2_H2_True,H2,discovery_only,2024,2,SYN_CAND_041,PROPERTY,34.0,0.03098889174594453,0.8045028989390572,False,False,False,0.015566810696946634,0.15569173182072893,0.16456899185195195,"{'H1': 0.5352642307246467, 'H2': 0.03098889174594453, 'H3': 0.43374687752940855}"
Synthetic_World_2_H2_True,H2,discovery_only,2024,3,SYN_CAND_140,PROPERTY,39.0,0.032973413102492445,0.8074652970763183,False,False,False,0.015566810696946634,0.007920319359920103,-0.0029623981372610686,"{'H1': 0.5446744091364756, 'H2': 0.032973413102492445, 'H3': 0.4223521777610325}"
Synthetic_World_2_H2_True,H2,discovery_only,2024,4,SYN_CAND_066,PROPERTY,44.0,0.01520537671746438,0.7613409374669211,False,False,False,0.01935112065600492,0.0808004236144999,0.0461243596093972,"{'H1': 0.4905163728629159, 'H2': 0.01520537671746438, 'H3': 0.4942782504196206}"
Synthetic_World_2_H2_True,H2,discovery_only,2024,5,SYN_CAND_100,PROPERTY,49.0,0.003993749658355593,0.7164117835293518,False,False,False,0.01935112065600492,0.029492121600449117,0.044929153937569355,"{'H1': 0.4957182920359366, 'H2': 0.003993749658355593, 'H3': 0.5002879583057068}"
Synthetic_World_2_H2_True,H2,discovery_only,2024,6,SYN_CAND_018,PROPERTY,54.0,0.0010206386501539421,0.7004328209202116,False,False,False,0.01935112065600492,0.009328944969111519,0.015978962609140113,"{'H1': 0.5048018167175762, 'H2': 0.0010206386501539421, 'H3': 0.4941775446322684}"
Synthetic_World_2_H2_True,H2,discovery_only,101,1,SYN_CAND_060,PROPERTY,29.0,0.04858865904626977,0.8537907740460902,False,False,False,0.006810971300544026,0.4392294477162765,0.2448215146220194,"{'H1': 0.47296466169276147, 'H2': 0.04858865904626977, 'H3': 0.4784466792609688}"
Synthetic_World_2_H2_True,H2,discovery_only,101,2,SYN_CAND_125,PROPERTY,34.0,0.005833344953329523,0.7249026271785803,False,False,False,0.00942347557745711,0.148223974015117,0.12888814686750982,"{'H1': 0.49354604713149713, 'H2': 0.005833344953329523, 'H3': 0.5006206079151729}"
Synthetic_World_2_H2_True,H2,discovery_only,101,3,SYN_CAND_009,PROPERTY,39.0,0.0006222272355249027,0.6979310661976366,False,False,False,0.00942347557745711,0.023684022038303887,0.026971560980943776,"{'H1': 0.4993270218576787, 'H2': 0.0006222272355249027, 'H3': 0.5000507509067971}"
Synthetic_World_2_H2_True,H2,discovery_only,101,4,SYN_CAND_036,PROPERTY,44.0,6.51114264403366e-05,0.6935841355780192,False,False,False,0.00942347557745711,0.008412875504278716,0.0043469306196173285,"{'H1': 0.5102297477762063, 'H2': 6.51114264403366e-05, 'H3': 0.4897051407973525}"
Synthetic_World_2_H2_True,H2,discovery_only,101,5,SYN_CAND_128,PROPERTY,49.0,8.559801783608614e-06,0.6826062245042724,False,False,False,0.013069933321869258,0.01756590384924217,0.010977911073746793,"{'H1': 0.5728158957539292, 'H2': 8.559801783608614e-06, 'H3': 0.4271755444442877}"
Synthetic_World_2_H2_True,H2,discovery_only,101,6,SYN_CAND_027,PROPERTY,54.0,1.0315698362767626e-06,0.688425656489202,False,False,False,0.013069933321869258,0.0024413073950797504,-0.005819431984929513,"{'H1': 0.5486234178050546, 'H2': 1.0315698362767626e-06, 'H3': 0.451375550625109}"
Synthetic_World_2_H2_True,H2,uncertainty_only,2024,1,SYN_CAND_149,PROPERTY,29.0,0.10122318681079046,0.9507469213251466,False,False,False,0.015566810696946634,0.0,0.14786536734296296,"{'H1': 0.4493884065946048, 'H2': 0.10122318681079046, 'H3': 0.44938840659460455}"
Synthetic_World_2_H2_True,H2,uncertainty_only,2024,2,SYN_CAND_059,PROPERTY,34.0,0.024890387941269132,0.7923802819211894,False,False,False,0.015566810696946634,0.0,0.15836663940395723,"{'H1': 0.49061662635327985, 'H2': 0.024890387941269132, 'H3': 0.4844929857054509}"
Synthetic_World_2_H2_True,H2,uncertainty_only,2024,3,SYN_CAND_005,PROPERTY,39.0,0.006078427235967709,0.7259929515811078,False,False,False,0.015566810696946634,0.0,0.0663873303400816,"{'H1': 0.5000473995164233, 'H2': 0.006078427235967709, 'H3': 0.4938741732476092}"
Synthetic_World_2_H2_True,H2,uncertainty_only,2024,4,SYN_CAND_071,PROPERTY,44.0,0.0014295355505688698,0.70292467890862,False,False,False,0.015566810696946634,0.0,0.02306827267248779,"{'H1': 0.4958110829769139, 'H2': 0.0014295355505688698, 'H3': 0.5027593814725178}"
Synthetic_World_2_H2_True,H2,uncertainty_only,2024,5,SYN_CAND_105,PROPERTY,49.0,0.0003261799149834071,0.6958416080932677,False,False,False,0.015566810696946634,0.0,0.00708307081535231,"{'H1': 0.49635892208498333, 'H2': 0.0003261799149834071, 'H3': 0.503314898000035}"
Synthetic_World_2_H2_True,H2,uncertainty_only,2024,6,SYN_CAND_048,PROPERTY,54.0,7.388546908892042e-05,0.6938248091221798,False,False,False,0.015566810696946634,0.0,0.002016798971087863,"{'H1': 0.49506875345815227, 'H2': 7.388546908892042e-05, 'H3': 0.5048573610727577}"
Synthetic_World_2_H2_True,H2,uncertainty_only,42,1,SYN_CAND_145,PROPERTY,29.0,0.03136240017176074,0.8107161812997765,False,False,False,0.01088197350406347,0.0,0.28789610736833304,"{'H1': 0.4925179135718201, 'H2': 0.03136240017176074, 'H3': 0.4761196862564192}"
Synthetic_World_2_H2_True,H2,uncertainty_only,42,2,SYN_CAND_021,PROPERTY,34.0,0.00213350971422414,0.7067798301324941,False,False,False,0.01088197350406347,0.0,0.10393635116728239,"{'H1': 0.5073146570469076, 'H2': 0.00213350971422414, 'H3': 0.49055183323886836}"
Synthetic_World_2_H2_True,H2,uncertainty_only,42,3,SYN_CAND_023,PROPERTY,39.0,0.0001483281203703257,0.6943933908253994,False,False,False,0.01088197350406347,0.0,0.01238643930709471,"{'H1': 0.49261327549013406, 'H2': 0.0001483281203703257, 'H3': 0.5072383963894963}"
Synthetic_World_2_H2_True,H2,uncertainty_only,42,4,SYN_CAND_127,PROPERTY,44.0,1.0931261774634361e-05,0.6923279320081801,False,False,False,0.01088197350406347,0.0,0.0020654588172193122,"{'H1': 0.47823251917680143, 'H2': 1.0931261774634361e-05, 'H3': 0.5217565495614234}"
Synthetic_World_2_H2_True,H2,uncertainty_only,42,5,SYN_CAND_108,PROPERTY,49.0,6.719072702700061e-07,0.6923282639851154,False,False,False,0.01088197350406347,0.0,-3.319769352749802e-07,"{'H1': 0.47964722948094785, 'H2': 6.719072702700061e-07, 'H3': 0.5203520986117824}"
Synthetic_World_2_H2_True,H2,uncertainty_only,42,6,SYN_CAND_103,PROPERTY,54.0,4.21510938349323e-08,0.6923192361153252,False,False,False,0.01088197350406347,0.0,9.02786979017911e-06,"{'H1': 0.479647531541998, 'H2': 4.21510938349323e-08, 'H3': 0.5203524263069093}"
Synthetic_World_2_H2_True,H2,uncertainty_only,101,1,SYN_CAND_020,PROPERTY,29.0,0.0483421594603001,0.8532392051304128,False,False,False,0.006810971300544026,0.0,0.2453730835376967,"{'H1': 0.4743922115421381, 'H2': 0.0483421594603001, 'H3': 0.4772656289975616}"
Synthetic_World_2_H2_True,H2,uncertainty_only,101,2,SYN_CAND_120,PROPERTY,34.0,0.00529468052829973,0.7225029931041245,False,False,False,0.006810971300544026,0.0,0.13073621202628838,"{'H1': 0.49585119147133966, 'H2': 0.00529468052829973, 'H3': 0.49885412800036016}"
Synthetic_World_2_H2_True,H2,uncertainty_only,101,3,SYN_CAND_135,PROPERTY,39.0,0.0005388347982642192,0.6973614841972106,False,False,False,0.006810971300544026,0.0,0.025141508906913912,"{'H1': 0.4979676052772328, 'H2': 0.0005388347982642192, 'H3': 0.5014935599245026}"
Synthetic_World_2_H2_True,H2,uncertainty_only,101,4,SYN_CAND_123,PROPERTY,44.0,5.478275314630995e-05,0.6937012281284827,False,False,False,0.006810971300544026,0.0,0.003660256068727885,"{'H1': 0.49958729454420414, 'H2': 5.478275314630995e-05, 'H3': 0.5003579227026504}"
Synthetic_World_2_H2_True,H2,uncertainty_only,101,5,SYN_CAND_150,PROPERTY,49.0,5.546145213482042e-06,0.6932157167986992,False,False,False,0.006810971300544026,0.0,0.00048551132978347233,"{'H1': 0.49961821270115303, 'H2': 5.546145213482042e-06, 'H3': 0.5003762411536335}"
Synthetic_World_2_H2_True,H2,uncertainty_only,101,6,SYN_CAND_058,PROPERTY,54.0,5.620841743900768e-07,0.6931550890643721,False,False,False,0.006810971300544026,0.0,6.062773432713442e-05,"{'H1': 0.4995794387618092, 'H2': 5.620841743900768e-07, 'H3': 0.5004199991540175}"
Synthetic_World_2_H2_True,H2,random_action,2024,1,SYN_CAND_092,PROPERTY,29.0,0.10217619122851582,0.9521624536863563,False,False,False,0.015566810696946634,0.0,0.14644983498175324,"{'H1': 0.4489119043749593, 'H2': 0.10217619122851582, 'H3': 0.44891190439652473}"
Synthetic_World_2_H2_True,H2,random_action,2024,2,SYN_CAND_073,XRD,30.0,0.10277187027587413,0.9530232635688989,False,False,False,0.015566810696946634,0.0,-0.000860809882542557,"{'H1': 0.45152902498134245, 'H2': 0.10277187027587413, 'H3': 0.44569910474278335}"
Synthetic_World_2_H2_True,H2,random_action,2024,3,SYN_CAND_075,PROPERTY,35.0,0.020367200782939444,0.775581794052124,False,False,False,0.015566810696946634,0.0,0.17744146951677486,"{'H1': 0.45206365305695845, 'H2': 0.020367200782939444, 'H3': 0.5275691461601022}"
Synthetic_World_2_H2_True,H2,random_action,2024,4,SYN_CAND_039,PROPERTY,40.0,0.0024577407883452323,0.7056997481625451,False,False,False,0.015566810696946634,0.0,0.06988204588957891,"{'H1': 0.4603281963768815, 'H2': 0.0024577407883452323, 'H3': 0.5372140628347734}"
Synthetic_World_2_H2_True,H2,random_action,2024,5,SYN_CAND_003,PROPERTY,45.0,0.0007183678879218133,0.6948166310113324,False,False,False,0.015566810696946634,0.0,0.010883117151212707,"{'H1': 0.5429031868206441, 'H2': 0.0007183678879218133, 'H3': 0.45637844529143334}"
Synthetic_World_2_H2_True,H2,random_action,2024,6,SYN_CAND_101,PROPERTY,50.0,0.00010635902774157087,0.6862190866224694,False,False,False,0.015566810696946634,0.0,0.008597544388862954,"{'H1': 0.5628432549364354, 'H2': 0.00010635902774157087, 'H3': 0.43705038603582363}"
Synthetic_World_2_H2_True,H2,random_action,42,1,SYN_CAND_074,PROPERTY,29.0,0.030399675109478407,0.8082044764442008,False,False,False,0.0092802989086349,0.0,0.29040781222390877,"{'H1': 0.4848138163871833, 'H2': 0.030399675109478407, 'H3': 0.48478650850333826}"
Synthetic_World_2_H2_True,H2,random_action,42,2,SYN_CAND_105,PROPERTY,34.0,0.0020292189614279387,0.7063444266516881,False,False,False,0.0092802989086349,0.0,0.10186004979251273,"{'H1': 0.5005224036941257, 'H2': 0.0020292189614279387, 'H3': 0.49744837734444675}"
Synthetic_World_2_H2_True,H2,random_action,42,3,SYN_CAND_067,PROPERTY,39.0,0.00021287835972578042,0.6950032549052086,False,False,False,0.0092802989086349,0.0,0.011341171746479417,"{'H1': 0.4977645808455481, 'H2': 0.00021287835972578042, 'H3': 0.5020225407947267}"
Synthetic_World_2_H2_True,H2,random_action,42,4,SYN_CAND_039,PROPERTY,44.0,1.3214413957163094e-05,0.6932906198734443,False,False,False,0.0092802989086349,0.0,0.0017126350317643313,"{'H1': 0.49786398764737977, 'H2': 1.3214413957163094e-05, 'H3': 0.5021227979386623}"
Synthetic_World_2_H2_True,H2,random_action,42,5,SYN_CAND_115,PROPERTY,49.0,9.360414173337987e-07,0.693056262877866,False,False,False,0.0092802989086349,0.0,0.0002343569955782776,"{'H1': 0.4927816739125073, 'H2': 9.360414173337987e-07, 'H3': 0.5072173900460737}"
Synthetic_World_2_H2_True,H2,random_action,42,6,SYN_CAND_146,PROPERTY,54.0,9.620172323917057e-08,0.6928238061187613,False,False,False,0.0092802989086349,0.0,0.00023245675910477104,"{'H1': 0.487253912462186, 'H2': 9.620172323917057e-08, 'H3': 0.5127459913360921}"
Synthetic_World_2_H2_True,H2,random_action,101,1,SYN_CAND_013,PROPERTY,29.0,0.07518934409412159,0.907870445719281,False,False,False,0.006810971300544026,0.0,0.19074184294882857,"{'H1': 0.4653964295038261, 'H2': 0.07518934409412159, 'H3': 0.45941422640205254}"
Synthetic_World_2_H2_True,H2,random_action,101,2,SYN_CAND_128,PROPERTY,34.0,0.01131737683527149,0.7451268512383745,False,False,False,0.013069933321869258,0.0,0.16274359448090647,"{'H1': 0.5269055221787501, 'H2': 0.01131737683527149, 'H3': 0.46177710098597846}"
Synthetic_World_2_H2_True,H2,random_action,101,3,SYN_CAND_063,PROPERTY,39.0,0.0018520173496549316,0.7031996349674225,False,False,False,0.013069933321869258,0.0,0.04192721627095197,"{'H1': 0.5319409963048203, 'H2': 0.0018520173496549316, 'H3': 0.46620698634552393}"
Synthetic_World_2_H2_True,H2,random_action,101,4,SYN_CAND_033,PROPERTY,44.0,0.00029559208184653455,0.693469498413624,False,False,False,0.013069933321869258,0.0,0.009730136553798507,"{'H1': 0.5327783890269734, 'H2': 0.00029559208184653455, 'H3': 0.466926018891181}"
Synthetic_World_2_H2_True,H2,random_action,101,5,SYN_CAND_008,XRD,45.0,0.00030516887244833057,0.6906624362632656,False,False,False,0.013069933321869258,0.0,0.0028070621503584192,"{'H1': 0.5500397007542698, 'H2': 0.00030516887244833057, 'H3': 0.44965513037328153}"
Synthetic_World_2_H2_True,H2,random_action,101,6,SYN_CAND_034,XRD,46.0,0.00029705732180516426,0.6931178253005994,False,False,False,0.013069933321869258,0.0,-0.0024553890373337772,"{'H1': 0.5354193534933431, 'H2': 0.00029705732180516426, 'H3': 0.464283589184851}"
Synthetic_World_3_H3_True,H3,pure_falsification,101,1,SYN_CAND_002,XRD,25.0,0.6168987256968644,0.9311075278625272,False,False,True,0.012943184649856679,0.3069055836900372,0.1675047608055824,"{'H1': 0.19155063715156784, 'H2': 0.19155063715156784, 'H3': 0.6168987256968644}"
Synthetic_World_3_H3_True,H3,pure_falsification,101,2,SYN_CAND_054,PROPERTY,30.0,0.7999925882194651,0.5497704469089361,True,False,True,0.013592039551793788,0.42301683665069767,0.3813370809535911,"{'H1': 0.18653311063008388, 'H2': 0.01347430115045117, 'H3': 0.7999925882194651}"
Synthetic_World_3_H3_True,H3,pure_falsification,101,3,SYN_CAND_033,XRD,31.0,0.8752227073637489,0.4071290559744526,True,False,True,0.013592039551793788,0.1280246590701854,0.14264139093448347,"{'H1': 0.11637117006933491, 'H2': 0.008406122566916007, 'H3': 0.8752227073637489}"
Synthetic_World_3_H3_True,H3,pure_falsification,101,4,SYN_CAND_031,XRD,32.0,0.9783038350073975,0.10992301160811102,True,True,True,0.013592039551793788,0.234256083766976,0.29720604436634157,"{'H1': 0.02023451585511457, 'H2': 0.0014616491374878767, 'H3': 0.9783038350073975}"
Synthetic_World_3_H3_True,H3,pure_falsification,101,5,SYN_CAND_081,XRD,33.0,0.9952695129705632,0.031212404957591935,True,True,True,0.013592039551793788,0.09031104777125307,0.07871060665051909,"{'H1': 0.004411798805558048, 'H2': 0.00031868822387880414, 'H3': 0.9952695129705632}"
Synthetic_World_3_H3_True,H3,pure_falsification,101,6,SYN_CAND_006,XRD,34.0,0.9961321014682814,0.026301273270880828,True,True,True,0.013592039551793788,0.02260175065190563,0.004911131686711107,"{'H1': 0.0036073220402185876, 'H2': 0.0002605764914999821, 'H3': 0.9961321014682814}"
Synthetic_World_3_H3_True,H3,pure_falsification,2024,1,SYN_CAND_019,PROPERTY,29.0,0.48078384069986774,0.7740254247080173,False,False,False,0.012899479208701183,0.529196925183693,0.3245868639600923,"{'H1': 0.5001797139509749, 'H2': 0.01903644534915726, 'H3': 0.48078384069986774}"
Synthetic_World_3_H3_True,H3,pure_falsification,2024,2,SYN_CAND_109,XRD,30.0,0.4605235106318775,0.7748288698645959,False,False,False,0.012899479208701183,0.1516815372756738,-0.0008034451565785972,"{'H1': 0.5196972230200675, 'H2': 0.019779266348055026, 'H3': 0.4605235106318775}"
Synthetic_World_3_H3_True,H3,pure_falsification,2024,3,SYN_CAND_079,XRD,31.0,0.7285762619813394,0.6273355937303167,False,False,True,0.012899479208701183,0.21515212690170604,0.1474932761342792,"{'H1': 0.2614723082283767, 'H2': 0.009951429790284072, 'H3': 0.7285762619813394}"
Synthetic_World_3_H3_True,H3,pure_falsification,2024,4,SYN_CAND_108,XRD,32.0,0.7551844430865262,0.5950506399387236,True,False,True,0.012899479208701183,0.18299836204726527,0.03228495379159302,"{'H1': 0.2358396845598695, 'H2': 0.00897587235360466, 'H3': 0.7551844430865262}"
Synthetic_World_3_H3_True,H3,pure_falsification,2024,5,SYN_CAND_118,XRD,33.0,0.9872914386152569,0.07010411815505956,True,True,True,0.012899479208701183,0.24232109050030837,0.5249465217836641,"{'H1': 0.012242617037800831, 'H2': 0.00046594434694246736, 'H3': 0.9872914386152569}"
Synthetic_World_3_H3_True,H3,pure_falsification,2024,6,SYN_CAND_111,XRD,34.0,0.9890420960847417,0.06208077524119139,True,True,True,0.012899479208701183,0.03792371688122731,0.008023342913868164,"{'H1': 0.010556145350375704, 'H2': 0.000401758564882309, 'H3': 0.9890420960847417}"
Synthetic_World_3_H3_True,H3,pure_falsification,42,1,SYN_CAND_011,XRD,25.0,0.9999931908412819,9.253909366393435e-05,True,True,True,0.010377281642154523,0.12230126230784588,1.0985197495744456,"{'H1': 3.4045793590419876e-06, 'H2': 3.4045793590419876e-06, 'H3': 0.9999931908412819}"
Synthetic_World_3_H3_True,H3,pure_falsification,42,2,SYN_CAND_113,XRD,26.0,0.9999999984693435,3.3660243184511946e-08,True,True,True,0.010377281642154523,3.662046659080587e-05,9.250543342074983e-05,"{'H1': 7.653285093096623e-10, 'H2': 7.653285093096623e-10, 'H3': 0.9999999984693435}"
Synthetic_World_3_H3_True,H3,pure_falsification,42,3,SYN_CAND_002,XRD,27.0,0.9999999997564455,5.803632444255353e-09,True,True,True,0.010377281642154523,2.2843820097389024e-08,2.7856610740256593e-08,"{'H1': 1.2177757646054089e-10, 'H2': 1.2177757646054089e-10, 'H3': 0.9999999997564455}"
Synthetic_World_3_H3_True,H3,pure_falsification,42,4,SYN_CAND_074,XRD,28.0,0.9999999999996163,5.5645735309167475e-11,True,True,True,0.010377281642154523,4.820204135021406e-09,5.747986708946185e-09,"{'H1': 1.9220423650558545e-13, 'H2': 1.9220423650558545e-13, 'H3': 0.9999999999996163}"
Synthetic_World_3_H3_True,H3,pure_falsification,42,5,SYN_CAND_001,XRD,29.0,0.9999999999996625,5.559955003134308e-11,True,True,True,0.010377281642154523,0.0,4.618527782439359e-14,"{'H1': 1.6863271250757358e-13, 'H2': 1.6863271250757358e-13, 'H3': 0.9999999999996625}"
Synthetic_World_3_H3_True,H3,pure_falsification,42,6,SYN_CAND_003,XRD,30.0,0.9999999999999787,5.5283358513929895e-11,True,True,True,0.010377281642154523,0.0,3.161915174131864e-13,"{'H1': 1.0255465922480541e-14, 'H2': 1.0255465922480541e-14, 'H3': 0.9999999999999787}"
Synthetic_World_3_H3_True,H3,hybrid,101,1,SYN_CAND_087,PROPERTY,29.0,0.49410797356871117,0.7832505913724561,False,False,True,0.012943184649856679,0.5213798729467876,0.31536169729565344,"{'H1': 0.4839947920691674, 'H2': 0.021897234362121144, 'H3': 0.49410797356871117}"
Synthetic_World_3_H3_True,H3,hybrid,101,2,SYN_CAND_002,XRD,30.0,0.7587765180077486,0.5954830489243512,True,False,True,0.012943184649856679,0.22241402197855997,0.1877675424481049,"{'H1': 0.23078226757720532, 'H2': 0.010441214415046076, 'H3': 0.7587765180077486}"
Synthetic_World_3_H3_True,H3,hybrid,101,3,SYN_CAND_033,XRD,31.0,0.8465355594240324,0.4560260425916892,True,False,True,0.012943184649856679,0.1265694462135194,0.139457006332662,"{'H1': 0.1468218238791808, 'H2': 0.006642616696786779, 'H3': 0.8465355594240324}"
Synthetic_World_3_H3_True,H3,hybrid,101,4,SYN_CAND_031,XRD,32.0,0.9725730801848934,0.1305695524848129,True,True,True,0.012943184649856679,0.24971925235723677,0.32545649010687633,"{'H1': 0.026239761963935893, 'H2': 0.0011871578511705634, 'H3': 0.9725730801848934}"
Synthetic_World_3_H3_True,H3,hybrid,101,5,SYN_CAND_081,XRD,33.0,0.9939924992240384,0.03778707123572804,True,True,True,0.012943184649856679,0.1071312131619473,0.09278248124908485,"{'H1': 0.005747469691167035, 'H2': 0.0002600310847945795, 'H3': 0.9939924992240384}"
Synthetic_World_3_H3_True,H3,hybrid,101,6,SYN_CAND_006,XRD,34.0,0.9950867973877252,0.03189461432014389,True,True,True,0.012943184649856679,0.027336614765130617,0.0058924569155841475,"{'H1': 0.004700537570233052, 'H2': 0.00021266504204169034, 'H3': 0.9950867973877252}"
Synthetic_World_3_H3_True,H3,hybrid,2024,1,SYN_CAND_142,PROPERTY,29.0,0.48816189836977725,0.7724826990593286,False,False,False,0.012899479208701183,0.5272780217957652,0.3261295896087809,"{'H1': 0.49332900478661507, 'H2': 0.018509096843607638, 'H3': 0.48816189836977725}"
Synthetic_World_3_H3_True,H3,hybrid,2024,2,SYN_CAND_109,XRD,30.0,0.46787082209743025,0.7738532687363691,False,False,False,0.012899479208701183,0.15647189818049945,-0.0013705696770404119,"{'H1': 0.5128863148649456, 'H2': 0.01924286303762427, 'H3': 0.46787082209743025}"
Synthetic_World_3_H3_True,H3,hybrid,2024,3,SYN_CAND_079,XRD,31.0,0.7343785297158439,0.6201721674645481,False,False,True,0.012899479208701183,0.2153817856641298,0.153681101271821,"{'H1': 0.256016062829002, 'H2': 0.009605407455154162, 'H3': 0.7343785297158439}"
Synthetic_World_3_H3_True,H3,hybrid,2024,4,SYN_CAND_108,XRD,32.0,0.7606048019509551,0.5876194287605445,True,False,True,0.012899479208701183,0.18560960114016511,0.03255273870400355,"{'H1': 0.23073818543026658, 'H2': 0.008657012618778373, 'H3': 0.7606048019509551}"
Synthetic_World_3_H3_True,H3,hybrid,2024,5,SYN_CAND_118,XRD,33.0,0.9876568082228893,0.06843068410458739,True,True,True,0.012899479208701183,0.2579326349900722,0.5191887446559571,"{'H1': 0.011896837097312318, 'H2': 0.0004463546797983691, 'H3': 0.9876568082228893}"
Synthetic_World_3_H3_True,H3,hybrid,2024,6,SYN_CAND_111,XRD,34.0,0.9893576770368305,0.06058807707054787,True,True,True,0.012899479208701183,0.03703472976596338,0.007842607034039516,"{'H1': 0.010257475126053297, 'H2': 0.00038484783711660705, 'H3': 0.9893576770368305}"
Synthetic_World_3_H3_True,H3,hybrid,42,1,SYN_CAND_025,PROPERTY,29.0,0.48517936942271644,0.8035136347009585,False,False,False,0.010377281642154523,0.4801132450074832,0.29509865396715107,"{'H1': 0.4860971435639953, 'H2': 0.02872348701328809, 'H3': 0.48517936942271644}"
Synthetic_World_3_H3_True,H3,hybrid,42,2,SYN_CAND_058,XRD,30.0,0.5312608352215894,0.792079044993781,False,False,True,0.010377281642154523,0.23411243246892866,0.011434589707177478,"{'H1': 0.44258670989905796, 'H2': 0.026152454879352454, 'H3': 0.5312608352215894}"
Synthetic_World_3_H3_True,H3,hybrid,42,3,SYN_CAND_120,XRD,31.0,0.9662479592202334,0.15481646410416708,True,True,True,0.010377281642154523,0.3846390536793852,0.637262580889614,"{'H1': 0.031868906640556756, 'H2': 0.0018831341392097911, 'H3': 0.9662479592202334}"
Synthetic_World_3_H3_True,H3,hybrid,42,4,SYN_CAND_100,XRD,32.0,0.914492396737874,0.3104229164279183,True,True,True,0.010377281642154523,0.04152136022803872,-0.15560645232375123,"{'H1': 0.0807368610152915, 'H2': 0.00477074224683459, 'H3': 0.914492396737874}"
Synthetic_World_3_H3_True,H3,hybrid,42,5,SYN_CAND_045,XRD,33.0,0.9977394171057522,0.016516346095143342,True,True,True,0.010377281642154523,0.08589025307460049,0.29390657033277495,"{'H1': 0.0021344577556095443, 'H2': 0.00012612513863824294, 'H3': 0.9977394171057522}"
Synthetic_World_3_H3_True,H3,hybrid,42,6,SYN_CAND_052,XRD,34.0,0.9985844739304065,0.01100540071161808,True,True,True,0.010377281642154523,0.008053238105619816,0.005510945383525262,"{'H1': 0.0013365493498157294, 'H2': 7.89767197778166e-05, 'H3': 0.9985844739304065}"
Synthetic_World_3_H3_True,H3,discovery_only,2024,1,SYN_CAND_051,PROPERTY,29.0,0.47552419186397676,0.790210563340175,False,False,False,0.013017295493405408,0.5036704273874394,0.30840172532793453,"{'H1': 0.5002134576821577, 'H2': 0.024262350453865673, 'H3': 0.47552419186397676}"
Synthetic_World_3_H3_True,H3,discovery_only,2024,2,SYN_CAND_015,PROPERTY,34.0,0.4975947498482681,0.7035370827107674,False,False,False,0.013281747950550113,0.10294461298815416,0.0866734806294076,"{'H1': 0.500873735360591, 'H2': 0.001531514791141251, 'H3': 0.4975947498482681}"
Synthetic_World_3_H3_True,H3,discovery_only,2024,3,SYN_CAND_021,PROPERTY,39.0,0.5176660584142808,0.6930884578398826,False,False,True,0.01375497174995254,0.014079110702909237,0.010448624870884826,"{'H1': 0.48227770187965746, 'H2': 5.6239706061786574e-05, 'H3': 0.5176660584142808}"
Synthetic_World_3_H3_True,H3,discovery_only,2024,4,SYN_CAND_023,PROPERTY,44.0,0.5171582653813045,0.6925849033108429,False,False,True,0.01385437047138336,0.0007259162407854403,0.0005035545290397181,"{'H1': 0.48283974575649174, 'H2': 1.9888622043572453e-06, 'H3': 0.5171582653813045}"
Synthetic_World_3_H3_True,H3,discovery_only,2024,5,SYN_CAND_016,PROPERTY,49.0,0.5171572341403375,0.6925595001844295,False,False,True,0.01385437047138336,1.1677780703656104e-05,2.540312641341469e-05,"{'H1': 0.4828426955856024, 'H2': 7.027405871578577e-08, 'H3': 0.5171572341403375}"
Synthetic_World_3_H3_True,H3,discovery_only,2024,6,SYN_CAND_082,PROPERTY,54.0,0.5171616305776414,0.692558071467293,False,False,True,0.01385437047138336,1.9206415327821524e-05,1.4287171364868456e-06,"{'H1': 0.48283836694593657, 'H2': 2.476423015744984e-09, 'H3': 0.5171616305776414}"
Synthetic_World_3_H3_True,H3,discovery_only,42,1,SYN_CAND_112,PROPERTY,29.0,0.4712942351922282,0.8546696630963813,False,False,False,0.010812655628811486,0.4090409435471887,0.2439426255717283,"{'H1': 0.47972168232721585, 'H2': 0.04898408248055586, 'H3': 0.4712942351922282}"
Synthetic_World_3_H3_True,H3,discovery_only,42,2,SYN_CAND_025,PROPERTY,34.0,0.4931620257214399,0.7118577534790393,False,False,False,0.010812655628811486,0.13924104852774688,0.14281190961734191,"{'H1': 0.5037549482312499, 'H2': 0.0030830260473101337, 'H3': 0.4931620257214399}"
Synthetic_World_3_H3_True,H3,discovery_only,42,3,SYN_CAND_079,PROPERTY,39.0,0.4945497026356762,0.6956268491309108,False,False,False,0.010812655628811486,0.012930430962200035,0.016230904348128572,"{'H1': 0.505148904580419, 'H2': 0.0003013927839046056, 'H3': 0.4945497026356762}"
Synthetic_World_3_H3_True,H3,discovery_only,42,4,SYN_CAND_069,PROPERTY,44.0,0.4946770780506865,0.6934303744291523,False,False,False,0.010812655628811486,0.0019146161785530413,0.002196474701758433,"{'H1': 0.5052910758339011, 'H2': 3.184611541275433e-05, 'H3': 0.4946770780506865}"
Synthetic_World_3_H3_True,H3,discovery_only,42,5,SYN_CAND_018,PROPERTY,49.0,0.49437270429002733,0.6931133245456578,False,False,False,0.013737108004390094,0.0002963465299470336,0.000317049883494569,"{'H1': 0.5056250860666544, 'H2': 2.209643318034781e-06, 'H3': 0.49437270429002733}"
Synthetic_World_3_H3_True,H3,discovery_only,42,6,SYN_CAND_029,PROPERTY,54.0,0.49427528971685564,0.6930838857965588,False,False,False,0.013860729220531028,4.9962061954067494e-05,2.9438749098997796e-05,"{'H1': 0.5057245704616886, 'H2': 1.3982145672312937e-07, 'H3': 0.49427528971685564}"
Synthetic_World_3_H3_True,H3,discovery_only,101,1,SYN_CAND_029,PROPERTY,29.0,0.47159645461007965,0.7895698655069766,False,False,False,0.013233231842463833,0.5110649673948802,0.30904242316113295,"{'H1': 0.5042762823012417, 'H2': 0.024127263088678633, 'H3': 0.47159645461007965}"
Synthetic_World_3_H3_True,H3,discovery_only,101,2,SYN_CAND_060,PROPERTY,34.0,0.4722109621008865,0.699536818498611,False,False,False,0.013233231842463833,0.11457600957235503,0.09003304700836556,"{'H1': 0.5266816906956279, 'H2': 0.0011073472034854913, 'H3': 0.4722109621008865}"
Synthetic_World_3_H3_True,H3,discovery_only,101,3,SYN_CAND_084,PROPERTY,39.0,0.47426063851715655,0.6923253976053289,False,False,False,0.013233231842463833,0.007408826411554159,0.007211420893282194,"{'H1': 0.5256903530398045, 'H2': 4.900844303889143e-05, 'H3': 0.47426063851715655}"
Synthetic_World_3_H3_True,H3,discovery_only,101,4,SYN_CAND_120,PROPERTY,44.0,0.4751663043445264,0.6919425339924736,False,False,False,0.013874232316201432,0.00043941156731441833,0.0003828636128552221,"{'H1': 0.5248315081949467, 'H2': 2.1874605259918397e-06, 'H3': 0.4751663043445264}"
Synthetic_World_3_H3_True,H3,discovery_only,101,5,SYN_CAND_150,PROPERTY,49.0,0.4751567124543689,0.6919138814085413,False,False,False,0.013874232316201432,4.100248213234625e-05,2.8652583932364806e-05,"{'H1': 0.5248431914328227, 'H2': 9.61128069672239e-08, 'H3': 0.4751567124543689}"
Synthetic_World_3_H3_True,H3,discovery_only,101,6,SYN_CAND_127,PROPERTY,54.0,0.4751528729205057,0.6919119953290198,False,False,False,0.013874232316201432,0.0,1.886079521451478e-06,"{'H1': 0.5248471228565665, 'H2': 4.22292940778587e-09, 'H3': 0.4751528729205057}"
Synthetic_World_3_H3_True,H3,uncertainty_only,42,1,SYN_CAND_025,PROPERTY,29.0,0.48517936942271644,0.8035136347009585,False,False,False,0.010377281642154523,0.0,0.29509865396715107,"{'H1': 0.4860971435639953, 'H2': 0.02872348701328809, 'H3': 0.48517936942271644}"
Synthetic_World_3_H3_True,H3,uncertainty_only,42,2,SYN_CAND_066,PROPERTY,34.0,0.4940424420892841,0.7042060696721664,False,False,False,0.010377281642154523,0.0,0.09930756502879212,"{'H1': 0.5043014044241725, 'H2': 0.0016561534865433562, 'H3': 0.4940424420892841}"
Synthetic_World_3_H3_True,H3,uncertainty_only,42,3,SYN_CAND_019,PROPERTY,39.0,0.49481641839891904,0.6940015219701852,False,False,False,0.010377281642154523,0.0,0.010204547701981204,"{'H1': 0.5050888025490544, 'H2': 9.47790520270249e-05, 'H3': 0.49481641839891904}"
Synthetic_World_3_H3_True,H3,uncertainty_only,42,4,SYN_CAND_131,PROPERTY,44.0,0.4949062290238408,0.6931638182234674,False,False,False,0.010377281642154523,0.0,0.0008377037467177662,"{'H1': 0.5050882553136692, 'H2': 5.515662489715159e-06, 'H3': 0.4949062290238408}"
Synthetic_World_3_H3_True,H3,uncertainty_only,42,5,SYN_CAND_149,PROPERTY,49.0,0.4949088347426737,0.6931003223788679,False,False,False,0.010377281642154523,0.0,6.349584459952595e-05,"{'H1': 0.5050908385522148, 'H2': 3.267051102775119e-07, 'H3': 0.4949088347426737}"
Synthetic_World_3_H3_True,H3,uncertainty_only,42,6,SYN_CAND_062,PROPERTY,54.0,0.49490589584603306,0.6930956376861837,False,False,False,0.010377281642154523,0.0,4.684692684220337e-06,"{'H1': 0.5050940843341563, 'H2': 1.9819810447726813e-08, 'H3': 0.49490589584603306}"
Synthetic_World_3_H3_True,H3,uncertainty_only,2024,1,SYN_CAND_123,PROPERTY,29.0,0.4912103664750715,0.7681136373936037,False,False,False,0.012899479208701183,0.0,0.33049865127450584,"{'H1': 0.4916026102040675, 'H2': 0.017187023320860684, 'H3': 0.4912103664750715}"
Synthetic_World_3_H3_True,H3,uncertainty_only,2024,2,SYN_CAND_149,PROPERTY,34.0,0.4995063738434499,0.697689399806088,False,False,False,0.012899479208701183,0.0,0.0704242375875157,"{'H1': 0.499907399151038, 'H2': 0.0005862270055119112, 'H3': 0.4995063738434499}"
Synthetic_World_3_H3_True,H3,uncertainty_only,2024,3,SYN_CAND_048,PROPERTY,39.0,0.4986779948234011,0.6933739532265017,False,False,False,0.012899479208701183,0.0,0.004315446579586268,"{'H1': 0.5013012452680169, 'H2': 2.0759908581163904e-05, 'H3': 0.4986779948234011}"
Synthetic_World_3_H3_True,H3,uncertainty_only,2024,4,SYN_CAND_105,PROPERTY,44.0,0.49868826608955297,0.6931538399992896,False,False,False,0.012899479208701183,0.0,0.00022011322721215976,"{'H1': 0.5013110366119052, 'H2': 6.972985409401293e-07, 'H3': 0.49868826608955297}"
Synthetic_World_3_H3_True,H3,uncertainty_only,2024,5,SYN_CAND_059,PROPERTY,49.0,0.49870408598269317,0.6931442406834134,False,False,False,0.012899479208701183,0.0,9.599315876185344e-06,"{'H1': 0.501295890586372, 'H2': 2.3430936467713782e-08, 'H3': 0.49870408598269317}"
Synthetic_World_3_H3_True,H3,uncertainty_only,2024,6,SYN_CAND_005,PROPERTY,54.0,0.4987046251590704,0.6931438413138545,False,False,False,0.012899479208701183,0.0,3.9936955886776815e-07,"{'H1': 0.5012953740535163, 'H2': 7.874130321811492e-10, 'H3': 0.4987046251590704}"
Synthetic_World_3_H3_True,H3,uncertainty_only,101,1,SYN_CAND_120,PROPERTY,29.0,0.5504954251414351,0.7962168397243479,False,False,True,0.013874232316201432,0.0,0.3023954489437617,"{'H1': 0.4202612690148684, 'H2': 0.029243305843696762, 'H3': 0.5504954251414351}"
Synthetic_World_3_H3_True,H3,uncertainty_only,101,2,SYN_CAND_123,PROPERTY,34.0,0.5389805384222464,0.699649468811806,False,False,True,0.013874232316201432,0.0,0.09656737091254186,"{'H1': 0.4596141591883526, 'H2': 0.0014053023894010943, 'H3': 0.5389805384222464}"
Synthetic_World_3_H3_True,H3,uncertainty_only,101,3,SYN_CAND_068,PROPERTY,39.0,0.5397186175920586,0.6906018016685266,False,False,True,0.013874232316201432,0.0,0.009047667143279425,"{'H1': 0.4602195488152336, 'H2': 6.183359270700261e-05, 'H3': 0.5397186175920586}"
Synthetic_World_3_H3_True,H3,uncertainty_only,101,4,SYN_CAND_135,PROPERTY,44.0,0.5332033532012448,0.6909765880553428,False,False,True,0.013874232316201432,0.0,-0.000374786386816206,"{'H1': 0.4667938892718127, 'H2': 2.7575269422600094e-06, 'H3': 0.5332033532012448}"
Synthetic_World_3_H3_True,H3,uncertainty_only,101,5,SYN_CAND_021,PROPERTY,49.0,0.5331789669088847,0.690945832800973,False,False,True,0.013874232316201432,0.0,3.0755254369796425e-05,"{'H1': 0.46682091192309416, 'H2': 1.21168021618249e-07, 'H3': 0.5331789669088847}"
Synthetic_World_3_H3_True,H3,uncertainty_only,101,6,SYN_CAND_126,PROPERTY,54.0,0.5331811048028291,0.6909436927436501,False,False,True,0.013874232316201432,0.0,2.1400573229080067e-06,"{'H1': 0.4668188898731924, 'H2': 5.32398019086829e-09, 'H3': 0.5331811048028291}"
Synthetic_World_3_H3_True,H3,random_action,42,1,SYN_CAND_074,PROPERTY,29.0,0.44000874874049634,0.900106718412487,False,False,False,0.010377281642154523,0.0,0.19850557025562254,"{'H1': 0.48834331418857563, 'H2': 0.07164793707092806, 'H3': 0.44000874874049634}"
Synthetic_World_3_H3_True,H3,random_action,42,2,SYN_CAND_105,PROPERTY,34.0,0.4498207535033586,0.7387711475180319,False,False,False,0.010377281642154523,0.0,0.16133557089445516,"{'H1': 0.5400076118426237, 'H2': 0.010171634654017254, 'H3': 0.4498207535033586}"
Synthetic_World_3_H3_True,H3,random_action,42,3,SYN_CAND_067,PROPERTY,39.0,0.452964386536799,0.7079700555511801,False,False,False,0.010377281642154523,0.0,0.030801091966851768,"{'H1': 0.5439111578589578, 'H2': 0.0031244556042425765, 'H3': 0.452964386536799}"
Synthetic_World_3_H3_True,H3,random_action,42,4,SYN_CAND_039,PROPERTY,44.0,0.44088526432628494,0.6889986880386636,False,False,False,0.013327590898685656,0.0,0.01897136751251649,"{'H1': 0.5587748257256607, 'H2': 0.0003399099480548346, 'H3': 0.44088526432628494}"
Synthetic_World_3_H3_True,H3,random_action,42,5,SYN_CAND_115,PROPERTY,49.0,0.4582408150049742,0.6903429228648481,False,False,False,0.013327590898685656,0.0,-0.0013442348261845094,"{'H1': 0.5416902243265255, 'H2': 6.896066849986043e-05, 'H3': 0.4582408150049742}"
Synthetic_World_3_H3_True,H3,random_action,42,6,SYN_CAND_146,PROPERTY,54.0,0.46124778420681983,0.6903456535910827,False,False,False,0.013327590898685656,0.0,-2.7307262345788175e-06,"{'H1': 0.5387340763670158, 'H2': 1.813942616465981e-05, 'H3': 0.46124778420681983}"
Synthetic_World_3_H3_True,H3,random_action,2024,1,SYN_CAND_092,PROPERTY,29.0,0.48547393089815616,0.7751339635124697,False,False,False,0.012899479208701183,0.0,0.3234783251556399,"{'H1': 0.4951919079040708, 'H2': 0.01933416119777293, 'H3': 0.48547393089815616}"
Synthetic_World_3_H3_True,H3,random_action,2024,2,SYN_CAND_073,XRD,30.0,0.48611440123327476,0.7750677863085391,False,False,False,0.012899479208701183,0.0,6.617720393053972e-05,"{'H1': 0.4945755042925746, 'H2': 0.019310094474150573, 'H3': 0.48611440123327476}"
Synthetic_World_3_H3_True,H3,random_action,2024,3,SYN_CAND_075,PROPERTY,35.0,0.4697191523647023,0.696566063681143,False,False,False,0.013042240663428134,0.0,0.07850172262739608,"{'H1': 0.5295939129534002, 'H2': 0.0006869346818978544, 'H3': 0.4697191523647023}"
Synthetic_World_3_H3_True,H3,random_action,2024,4,SYN_CAND_039,PROPERTY,40.0,0.4700425378514429,0.6915767727400702,False,False,False,0.013042240663428134,0.0,0.00498929094107281,"{'H1': 0.5299372783926882, 'H2': 2.0183755869834605e-05, 'H3': 0.4700425378514429}"
Synthetic_World_3_H3_True,H3,random_action,2024,5,SYN_CAND_003,PROPERTY,45.0,0.5086906285150171,0.6930047594362382,False,False,True,0.013042240663428134,0.0,-0.0014279866961679488,"{'H1': 0.4913087809437036, 'H2': 5.905412787222237e-07, 'H3': 0.5086906285150171}"
Synthetic_World_3_H3_True,H3,random_action,2024,6,SYN_CAND_101,PROPERTY,50.0,0.4632311113459773,0.6904414206620341,False,False,False,0.013042240663428134,0.0,0.002563338774204116,"{'H1': 0.5367688554243292, 'H2': 3.322969423778934e-08, 'H3': 0.4632311113459773}"
Synthetic_World_3_H3_True,H3,random_action,101,1,SYN_CAND_013,PROPERTY,29.0,0.4802447638340967,0.8399564746725929,False,False,True,0.012943184649856679,0.0,0.2586558139955166,"{'H1': 0.4770635058790327, 'H2': 0.04269173028687074, 'H3': 0.4802447638340967}"
Synthetic_World_3_H3_True,H3,random_action,101,2,SYN_CAND_128,PROPERTY,34.0,0.5379503331715999,0.706167208678883,False,False,True,0.013050581737692678,0.0,0.13378926599370988,"{'H1': 0.45948013410695254, 'H2': 0.0025695327214476545, 'H3': 0.5379503331715999}"
Synthetic_World_3_H3_True,H3,random_action,101,3,SYN_CAND_063,PROPERTY,39.0,0.5416568349910769,0.691460815907381,False,False,True,0.013050581737692678,0.0,0.014706392771502097,"{'H1': 0.4581378723615618, 'H2': 0.00020529264736055298, 'H3': 0.5416568349910769}"
Synthetic_World_3_H3_True,H3,random_action,101,4,SYN_CAND_033,PROPERTY,44.0,0.542435837221552,0.6897283748575298,False,False,True,0.013050581737692678,0.0,0.0017324410498511522,"{'H1': 0.45754748367032694, 'H2': 1.667910812034955e-05, 'H3': 0.542435837221552}"
Synthetic_World_3_H3_True,H3,random_action,101,5,SYN_CAND_008,XRD,45.0,0.4994901725418295,0.693351355519811,False,False,False,0.013050581737692678,0.0,-0.003622980662281172,"{'H1': 0.5004915828966278, 'H2': 1.824456154254033e-05, 'H3': 0.4994901725418295}"
Synthetic_World_3_H3_True,H3,random_action,101,6,SYN_CAND_034,XRD,46.0,0.6726032888867737,0.6324535752360434,False,False,True,0.013050581737692678,0.0,0.06089778028376758,"{'H1': 0.32738477686315354, 'H2': 1.1934250072701634e-05, 'H3': 0.6726032888867737}"
