physical_cell_id,split,batch_id,charging_policy,actual_cycle_life,predicted_cycle_life_rf,predicted_cycle_life_gp
b1c0,primary_test,batch1,3.6C(80%)-3.6C,1852.0,1413.473195767196,673.7560975609756
b1c1,train,batch1,3.6C(80%)-3.6C,2160.0,1482.9491084656086,2107.1058102759307
b1c2,primary_test,batch1,3.6C(80%)-3.6C,2237.0,1415.4897671957674,1176.0284173637008
b1c3,train,batch1,4C(80%)-4C,1434.0,1468.4562275132278,1443.1837764500387
b1c4,primary_test,batch1,4C(80%)-4C,1709.0,1400.6662116402117,1473.2352613050866
b1c5,train,batch1,4.4C(80%)-4.4C,1074.0,1139.4641044973548,1087.8003003582826
b1c6,primary_test,batch1,4.8C(80%)-4.8C,636.0,790.178575396825,721.8923699879953
b1c7,train,batch1,4.8C(80%)-4.8C,870.0,866.9839298941793,879.1768910957178
b1c9,primary_test,batch1,5.4C(40%)-3.6C,1054.0,825.8084457671954,1053.4310251230436
b1c11,train,batch1,5.4C(50%)-3C,788.0,993.8596044973548,800.4488628065523
b1c14,primary_test,batch1,5.4C(60%)-3C,880.0,829.9717552910049,947.5923286422801
b1c15,train,batch1,5.4C(60%)-3C,719.0,838.4198703703702,738.8010379801109
b1c16,primary_test,batch1,5.4C(60%)-3.6C,862.0,823.9697275132272,926.6304193991687
b1c17,train,batch1,5.4C(60%)-3.6C,857.0,870.6184510582005,812.4114368479904
b1c18,primary_test,batch1,5.4C(70%)-3C,691.0,561.4737619047618,673.7560975609756
b1c19,train,batch1,5.4C(70%)-3C,788.0,738.043408730159,738.9464608588814
b1c20,primary_test,batch1,5.4C(80%)-5.4C,534.0,622.1211375661373,497.5087245763343
b1c21,train,batch1,5.4C(80%)-5.4C,559.0,616.869992063492,556.9472402655981
b1c23,primary_test,batch1,6C(30%)-3.6C,1014.0,788.5052156084653,944.9842664266714
b1c24,train,batch1,6C(40%)-3C,1017.0,971.4625621693118,950.0512616427776
b1c25,primary_test,batch1,6C(40%)-3C,854.0,952.6949973544969,950.1038808955657
b1c26,train,batch1,6C(40%)-3.6C,870.0,851.5682751322745,863.6519728857213
b1c27,primary_test,batch1,6C(40%)-3.6C,842.0,840.8963425925917,848.0623117316723
b1c28,train,batch1,6C(50%)-3C,860.0,844.3186071428563,815.7686273165514
b1c29,primary_test,batch1,6C(50%)-3C,917.0,855.3050661375655,837.2904797053429
b1c30,train,batch1,6C(50%)-3.6C,709.0,738.2388174603173,782.061609192741
b1c31,primary_test,batch1,6C(50%)-3.6C,876.0,776.5066137566132,830.8771932170697
b1c32,train,batch1,6C(60%)-3C,731.0,710.4250780423284,703.0094685894452
b1c33,primary_test,batch1,6C(60%)-3C,757.0,669.744544973545,769.8645368450319
b1c34,train,batch1,7C(30%)-3.6C,742.0,733.0094007936506,773.3111541441594
b1c35,primary_test,batch1,7C(30%)-3.6C,703.0,700.9284087301585,670.0974346611519
b1c36,train,batch1,7C(40%)-3C,704.0,695.1406031746034,719.1137218282128
b1c37,primary_test,batch1,7C(40%)-3C,648.0,719.5237222222223,723.5137482341713
b1c38,train,batch1,7C(40%)-3.6C,617.0,621.1771455026452,608.8644658106829
b1c39,primary_test,batch1,7C(40%)-3.6C,625.0,626.708865079365,672.0899712251436
b1c40,train,batch1,8C(15%)-3.6C,966.0,967.9243505291003,1004.741899578177
b1c41,primary_test,batch1,8C(15%)-3.6C,1051.0,871.1319021164021,998.5793988754706
b1c42,train,batch1,8C(25%)-3.6C,702.0,675.7964894179896,683.0009869574496
b1c43,primary_test,batch1,8C(25%)-3.6C,651.0,703.1796772486774,698.1806501494309
b1c44,train,batch1,8C(35%)-3.6C,616.0,549.0839523809523,595.8237743826254
b1c45,primary_test,batch1,8C(35%)-3.6C,599.0,632.9381984126984,598.4321868811702
b2c0,train,batch2,1C(4%)-6C,300.0,468.6835873015874,304.91671587833986
b2c1,primary_test,batch2,2C(10%)-6C,148.0,469.2695158730158,619.7050601706405
b2c2,train,batch2,2C(2%)-5C,438.0,451.718492063492,451.1970793994341
b2c3,primary_test,batch2,2C(7%)-5.5C,335.0,531.9567896825396,449.4694978873217
b2c4,train,batch2,3.6C(22%)-5.5C,444.0,474.72327777777787,463.3140942956186
b2c5,primary_test,batch2,3.6C(2%)-4.85C,480.0,501.6858611111108,481.0394538288489
b2c6,train,batch2,3.6C(30%)-6C,511.0,554.0310476190475,498.05501693394865
b2c10,primary_test,batch2,3.6C(9%)-5C,561.0,498.97655158730174,524.7002520982296
b2c11,train,batch2,4C(13%)-5C,477.0,477.55163095238095,482.23958690557254
b2c12,primary_test,batch2,4C(31%)-5,458.0,504.3133253968254,482.25066388319215
b2c13,train,batch2,4C(40%)-6C,483.0,489.0327777777779,493.453680173365
b2c14,primary_test,batch2,4C(4%)-4.85C,485.0,496.39695238095226,562.0482241144348
b2c17,train,batch2,4.4C(24%)-5C,494.0,492.3738253968257,491.25592054172023
b2c18,primary_test,batch2,4.4C(47%)-5.5C,487.0,489.75811111111136,476.5159731646138
b2c19,train,batch2,4.4C(55%)-6C,461.0,450.8148492063494,460.6143265976225
b2c20,primary_test,batch2,4.4C(8%)-4.85C,502.0,556.275332010582,651.1650581307143
b2c21,train,batch2,4.65C(19%)-4.85C,489.0,491.19841666666656,494.66172679987653
b2c22,primary_test,batch2,4.65C(44%)-5C,513.0,507.1014920634917,555.0915967362758
b2c23,train,batch2,4.65C(69%)-6C,527.0,509.2499841269843,512.6722703282917
b2c24,primary_test,batch2,4.8C(80%)-4.8C,495.0,559.3618174603173,594.9226607975427
b2c25,train,batch2,4.8C(80%)-4.8C,461.0,478.2307460317458,462.3807670342694
b2c26,primary_test,batch2,4.8C(80%)-4.8C,471.0,471.2909087301586,444.2668338289246
b2c27,train,batch2,4.9C(27%)-4.75C,468.0,479.2050396825396,446.18145897114005
b2c28,primary_test,batch2,4.9C(61%)-4.5C,509.0,495.718607142857,449.77219636164773
b2c29,train,batch2,4.9C(69%)-4.25C,498.0,573.941984126984,553.223770193335
b2c30,primary_test,batch2,5.2C(10%)-4.75C,481.0,548.6489523809523,497.1022266689165
b2c31,train,batch2,5.2C(37%)-4.5C,492.0,502.9432685185187,515.7835713431923
b2c32,primary_test,batch2,5.2C(50%)-4.25C,519.0,497.0680753968255,471.76137717197776
b2c33,train,batch2,5.2C(58%)-4C,520.0,569.8861746031744,549.5000425745233
b2c34,primary_test,batch2,5.2C(66%)-3.5C,499.0,561.0943148148148,483.853630152572
b2c35,train,batch2,5.2C(71%)-3C,463.0,472.1195515873014,451.3268490485477
b2c36,primary_test,batch2,5.6C(25%)-4.5C,535.0,566.9334126984127,632.0814446318761
b2c37,train,batch2,5.6C(38%)-4.25C,478.0,488.04100000000017,482.3203887359964
b2c38,primary_test,batch2,5.6C(47%)-4C,465.0,479.1019563492064,427.2042994506477
b2c39,train,batch2,5.6C(58%)-3.5C,459.0,482.602964285714,457.9051783295257
b2c40,primary_test,batch2,5.6C(5%)-4.75C,499.0,491.9170079365077,474.4720100372649
b2c41,train,batch2,5.6C(65%)-3C,429.0,451.6611706349206,407.63794894851407
b2c42,primary_test,batch2,6C(20%)-4.5C,466.0,501.7877460317458,504.42763475354695
b2c43,train,batch2,6C(31%)-4.25C,462.0,469.51251190476177,444.8857414554157
b2c44,primary_test,batch2,6C(40%)-4C,457.0,491.8516547619049,420.92026844283305
b2c45,train,batch2,6C(4%)-4.75C,487.0,526.5399788359787,532.1760642990107
b2c46,primary_test,batch2,6C(52%)-3.5C,429.0,489.0553452380953,414.27471003770347
b2c47,primary_test,batch2,6C(60%)-3C,713.0,730.9208492063489,603.6119288740385
b3c0,secondary_test,batch3,5C(67%)-4C-newstructure,1009.0,1001.1934563492069,939.0069829053548
b3c1,secondary_test,batch3,5.3C(54%)-4C-newstructure,1063.0,988.5163809523812,838.8398648096556
b3c3,secondary_test,batch3,5.6C(36%)-4.3C-newstructure,1115.0,918.7389166666665,741.5434371221139
b3c4,secondary_test,batch3,5.6C(19%)-4.6C-newstructure,1048.0,1018.166551587302,961.8850742406339
b3c5,secondary_test,batch3,5.6C(36%)-4.3C-newstructure,828.0,891.6152235449732,643.1817800096535
b3c6,secondary_test,batch3,3.7C(31%)-5.9C-newstructure,667.0,631.3670026455027,619.4832879125884
b3c7,secondary_test,batch3,4.8C(80%)-4.8C-newstructure,1836.0,1351.5505793650798,1147.692226203837
b3c8,secondary_test,batch3,5C(67%)-4C-newstructure,828.0,892.2473637566134,804.3174281666882
b3c9,secondary_test,batch3,5.3C(54%)-4C-newstructure,1039.0,844.9323108465604,806.5383129614179
b3c10,secondary_test,batch3,4.8C(80%)-4.8C-newstructure,1078.0,1255.9036706349211,1001.9884272066402
b3c11,secondary_test,batch3,5.6C(19%)-4.6C-newstructure,817.0,840.6662314814811,726.5956057821011
b3c12,secondary_test,batch3,5.6C(36%)-4.3C-newstructure,932.0,839.2517552910049,825.1448105623389
b3c13,secondary_test,batch3,5.6C(19%)-4.6C-newstructure,816.0,878.7399933862428,773.818518572278
b3c14,secondary_test,batch3,5.6C(36%)-4.3C-newstructure,858.0,838.4455939153435,839.549681246524
b3c15,secondary_test,batch3,5.9C(15%)-4.6C-newstructure,876.0,845.0522235449732,771.9532715806073
b3c16,secondary_test,batch3,4.8C(80%)-4.8C-newstructure,1638.0,1322.420805555556,1068.1333269447625
b3c17,secondary_test,batch3,5.3C(54%)-4C-newstructure,1315.0,1320.0052500000002,963.4709524803732
b3c18,secondary_test,batch3,5.6C(19%)-4.6C-newstructure,1146.0,973.946944444445,847.2305843344861
b3c19,secondary_test,batch3,5.6C(36%)-4.3C-newstructure,1155.0,954.4027777777779,873.550440592172
b3c20,secondary_test,batch3,5C(67%)-4C-newstructure,813.0,868.6545714285709,806.4857269867829
b3c21,secondary_test,batch3,3.7C(31%)-5.9C-newstructure,772.0,648.2832962962964,664.693166054198
b3c22,secondary_test,batch3,5.9C(60%)-3.1C-newstructure,1002.0,854.5295171957665,682.9203442486801
b3c24,secondary_test,batch3,5C(67%)-4C-newstructure,825.0,896.4807314814809,634.8949176488551
b3c25,secondary_test,batch3,5.3C(54%)-4C-newstructure,989.0,919.3804378306876,758.5002295804887
b3c26,secondary_test,batch3,5.6C(19%)-4.6C-newstructure,1028.0,980.2261230158732,874.7027666065187
b3c27,secondary_test,batch3,5.6C(36%)-4.3C-newstructure,850.0,906.03762037037,726.8147586306767
b3c28,secondary_test,batch3,3.7C(31%)-5.9C-newstructure,541.0,622.5472804232802,604.414379395469
b3c29,secondary_test,batch3,5.9C(15%)-4.6C-newstructure,858.0,921.510862433862,828.1006132511362
b3c30,secondary_test,batch3,5.3C(54%)-4C-newstructure,935.0,944.2042817460318,919.8821195741903
b3c31,secondary_test,batch3,5.9C(60%)-3.1C-newstructure,731.0,833.9102394179888,718.4846817041441
b3c33,secondary_test,batch3,5C(67%)-4C-newstructure,1284.0,1378.6874761904764,979.496966758902
b3c34,secondary_test,batch3,5.3C(54%)-4C-newstructure,1158.0,1035.1849166666668,810.3781947800303
b3c35,secondary_test,batch3,5.6C(19%)-4.6C-newstructure,1093.0,962.16375,819.7683466535113
b3c36,secondary_test,batch3,5.6C(36%)-4.3C-newstructure,923.0,989.1847698412699,748.6054284614688
b3c38,secondary_test,batch3,5C(67%)-4C-newstructure,1935.0,1234.253896825397,956.9180129797313
b3c39,secondary_test,batch3,5.3C(54%)-4C-newstructure,1156.0,1323.926834656085,863.2949811301016
b3c40,secondary_test,batch3,5.6C(19%)-4.6C-newstructure,796.0,1052.8476203703706,817.7258644251427
b3c41,secondary_test,batch3,5.6C(36%)-4.3C-newstructure,786.0,882.987464285714,814.2373755893487
b3c44,secondary_test,batch3,5.3C(54%)-4C-newstructure,940.0,899.8016481481477,869.6351386229892
b3c45,secondary_test,batch3,4.8C(80%)-4.8C-newstructure,1801.0,1338.4430317460324,1198.4236425016072
