material,sample_id,has_before,has_after,pair_complete,fft_b_len,fft_a_len,freq_min_mhz,freq_max_mhz,roll_gap,web_speed,calendering_speed,coat_weight_gsm,thickness_before_um,thickness_after_um,density_before_g_cm3,density_after_g_cm3,before_json_sha256,after_json_sha256
Cathode,NMC622_1,True,True,True,29,29,0.9975062344139651,14.962593516209477,525.7267759562841,0.5,,141.0,72.66666666666667,64.0,2.445086705202312,2.877551020408164,0b1f99016bc02b13adf0470afacee6d7bccf863c6da50fe1347dd006019e6d03,37d1decffbe445981184f6f84a22efe28051afdff4aba679702a51d629935da3
Cathode,NMC622_10,True,True,True,29,29,0.9975062344139651,14.962593516209477,538.2732240437159,1.0,,182.0,86.33333333333333,78.0,2.537383177570093,2.873015873015873,cdc9f3a16d6c49c6c5cba5c1d66a00eeb6b6e0d60b738698c9961f89ce353877,52327f1ae9e9966095992de05951c53703123b33495e3b9d65e842d89120b611
Cathode,NMC622_11,True,True,True,29,29,0.9975062344139651,14.962593516209477,491.0491803278689,1.0,,182.0,87.33333333333333,69.0,2.557603686635945,3.425925925925926,6afddffad580937a83c2b0fa1748b8e041c581a518d66d1e6fd2faa4f5a6b4c2,ab6401573c41e5c06b59b55c52e2d075939ba1ba9abe9e372371f735a0eba0a6
Cathode,NMC622_12,True,True,True,29,29,0.9975062344139651,14.962593516209477,443.4098360655738,1.0,,182.0,88.0,64.0,2.534246575342466,3.775510204081633,1a555d4edf06af3250bcde50d5ce81a86bec0d73aef5db6b86ec9e3649647281,f4c226bf97a54982891ac6ef9f7571baea7624bd71c1ad88c7166afdcb00c886
Cathode,NMC622_13,True,True,True,29,29,0.9975062344139651,14.962593516209477,552.0437158469946,0.5,,218.0,101.3333333333333,91.0,2.501930501930502,2.842105263157895,6a67c366cc9b0d91aa78296c7ee26497c021b35c079d01040ee9a79b4e3a2d65,f5dafed71171eb9f6c9c4a28ef93ee2c11bca236575e2a7e70d572924ea3d17f
Cathode,NMC622_14,True,True,True,29,29,0.9975062344139651,14.962593516209477,502.1967213114754,0.5,,218.0,100.6666666666667,79.0,2.544747081712063,3.40625,46610e6f2efde83f6af80d5b6e69c9eed6446761bcaa69276e0607c41b2a3bf2,a019ac0027c1ef52f891a04a65c8797b22ca21d14a7c93b44a8977fd8dc3de5a
Cathode,NMC622_15,True,True,True,29,29,0.9975062344139651,14.962593516209477,451.9562841530055,0.5,,218.0,99.33333333333333,73.0,2.513833992094862,3.655172413793104,4832c9365cbc8c696bc849ab5393abe217a5dcbd3908d012fc7cecccbd225fe2,9b3726e602d2f0cddb2c6b16456148be4c4351b5e3261b79d71221b3a8529084
Cathode,NMC622_16,True,True,True,29,29,0.9975062344139651,14.962593516209477,540.4153005464481,1.0,,218.0,88.66666666666667,80.0,2.51131221719457,2.846153846153846,606add478b9d68e1d439cdb4c77b947fb565f7f22f76e87676e88e68fe6303a5,e510eea3d58eea2ce9efd4c5286bfe98ed1dca7907f3e7cb6098e8a5cbfd382f
Cathode,NMC622_17,True,True,True,29,29,0.9975062344139651,14.962593516209477,491.6065573770492,1.0,,218.0,88.0,69.0,2.52054794520548,3.407407407407407,f9e9ba98afa8c0f2b1e39ed6ee892cd969b6fc287c67f0812c234fc721206cee,8b9fd978e5b8427c24ecb019a4a8f25b838f862440f50c0b1ad3f5b712d7dcc2
Cathode,NMC622_18,True,True,True,29,29,0.9975062344139651,14.962593516209477,443.4098360655738,1.0,,218.0,88.0,65.0,2.506849315068493,3.66,615fda8cd4bbc3f8b5e6db99acf3196573673319c6abc89026a26ad541c2c723,992451864a8e7dd4ad8bbaaafcdee398a0d06e096bc3e6f575f7bb08ce5e0768
Cathode,NMC622_2,True,True,True,29,29,0.9975062344139651,14.962593516209477,478.7868852459017,0.5,,141.0,72.66666666666667,56.0,2.445086705202312,3.439024390243903,d772c32689ada8fbdd024850100c933f197edea8bba66b23ef7914e490fbd08d,da7d39e6b4abfd210832e887b424da2ceb5f26ca14ce1ea5fe69a04d6896d22b
Cathode,NMC622_3,True,True,True,29,29,0.9975062344139651,14.962593516209477,431.5956284153006,0.5,,141.0,72.33333333333333,53.0,2.459302325581396,3.710526315789474,43e1bd362ef01d6691314d2f522ab515f79060c014abd56afb456fb4b235e934,851f63d71ec5b5adbe5cff474c36c77123c79780b7d42d81b5c10183487e6fe7
Cathode,NMC622_4,True,True,True,29,29,0.9975062344139651,14.962593516209477,523.5846994535519,1.0,,141.0,70.33333333333333,64.0,2.421686746987952,2.73469387755102,6882ba1b80afda36cb55c8bb4cdee2b7559290f0bb593dd01bc0ef8318af7abd,c060738a6216fe206d5fa5d060696cb857afdf9637236da18b0617e0e409c92e
Cathode,NMC622_5,True,True,True,29,29,0.9975062344139651,14.962593516209477,476.8360655737706,1.0,,141.0,70.33333333333333,54.0,2.421686746987952,3.435897436,ee04f5f8fb674e691f8bd4c70c16c80cfa1268c0276cddefc98bf4c19bca5961,80b16541e787a8b8a0b00c4616a4ed354b3d13587f342babed22c59f3975ba45
Cathode,NMC622_6,True,True,True,29,29,0.9975062344139651,14.962593516209477,430.8415300546448,1.0,,141.0,71.33333333333333,51.0,2.431952662721894,3.805555555555555,bce363f85e5ddcf36387ed3315043a3d5ef4d6d100ffec8d48da8d4394832f1d,fcdd4723fb23b03a5158551fbba39c2766de317adbad5be2b1ec2c026f3619c7
Cathode,NMC622_7,True,True,True,29,29,0.9975062344139651,14.962593516209477,540.4153005464481,0.5,,182.0,88.66666666666667,78.0,2.51131221719457,2.936507936507936,38b68b6cabd3e430939019a1c35e64ae0c4863c41e9d855c352c21515dbb7ae6,e8b0887f4c801d3ec6caceaa476bbae0089a359b7d7805ee6aed67524265a2e3
Cathode,NMC622_8,True,True,True,29,29,0.9975062344139651,14.962593516209477,492.4426229508197,0.5,,182.0,89.0,70.0,2.527027027027027,3.399999999999999,66f1562d70f6dd5777812c5b4b837076cfb5628d3fdf0d3f8f6787d3220563f5,7c2fd656146d35b5345e0401893e01bfd025263002381e5ab436aef73c6e7815
Cathode,NMC622_9,True,True,True,29,29,0.9975062344139651,14.962593516209477,444.1639344262295,0.5,,182.0,89.0,65.0,2.527027027027027,3.74,09f93cd4f9fdd16465f05325459c2958691d21c66f96cdab0d47717e20933a25,82f39f96c13842cf1e60d21965ee545685852e01ede61b8c8583e4976d3b8629
Anode,GA_1,True,True,True,36,36,0.8,14.8,3.0,,1.0,,46.0,34.0,0.8888888888888888,1.333333333333333,caeb1ee5bc5f939c7ad62a09449957f59fb1ab23a14bf768b5eb9647de5c0088,e769749b8757d6f7dd68e873ef6c938f22ec06ec518cc9649c8f15aff37086c5
Anode,GA_10,True,True,True,36,36,0.8,14.8,1.0,,3.0,,150.6666666666667,119.3333333333333,1.002369668246446,1.289634146341464,6e96646e74be4d723b5cfe65f403445870da29b8be53d570a121cd88d49387de,613bd9929028ec9cff15f5776f0764672214aa5cbdf8c6965c801b305db18077
Anode,GA_11,True,True,True,36,36,0.8,14.8,3.0,,3.0,,45.0,33.66666666666666,0.8857142857142857,1.309859154929577,5fe7de582377435aba290ccad65a44dd38edcf49d7e1d8a7e5ed6824c3c4de37,d1b9992f2b360bae24a2c9b8a7393f57285b9802c7b99fef35b9fa407b485a8f
Anode,GA_12,True,True,True,36,36,0.8,14.8,3.0,,3.0,,151.6666666666667,137.0,0.9882352941176472,1.102362204724409,47cf10333c9086cd9c496cee524ff036babee8d227fc0eb8e669360152debce6,4e8ebe429dc03bc41fc44e0789effcb880bbcc2fa9c526d31ae5624c453085d2
Anode,GA_13,True,True,True,36,36,0.8,14.8,3.0,,3.0,,91.66666666666667,81.33333333333333,0.979591836734694,1.121495327102804,9e411071f844bec6c7efbe6b325c618fd7e2e541997018c55758d1b5a76def2e,097c9da45a50c886dc820fcd818b5aacf02c29bd319573123dfc37ccc2becabf
Anode,GA_14,True,True,True,36,36,0.8,14.8,3.0,,3.0,,150.3333333333333,136.0,0.9904988123515438,1.103174603174603,8de855621d75aefeb6e1b69d967ade7241f6534d6382ca38eb601e59e690ea99,bd95fd50667945381e49f149415bbf1aebe142d58642a95e861d82f65ffd4d70
Anode,GA_15,True,True,True,36,36,0.8,14.8,3.0,,3.0,,111.0,97.33333333333333,0.9702970297029703,1.122137404580153,57835e00f148da9f227ff9b5d1e419dedb9038606108f00818d9ad4b6a79e852,92b4818f9965e63802f1af06449ff84ae25b5b77619b7e6fa36e8e0869787688
Anode,GA_16,True,True,True,36,36,0.8,14.8,2.0,,3.0,,109.3333333333333,85.66666666666667,0.9765100671140939,1.281938325991189,5da76ddc2c38c5d1c1e782b297fce7e0076290321c5b59f0af734f703443b4f7,b703f2d0204d33c72d9e553ad65c83e3abc7a668e19a19ea66f1f3f17eb4fd3f
Anode,GA_17,True,True,True,36,36,0.8,14.8,2.0,,3.0,,45.0,30.0,0.9142857142857143,1.6,b4e203b4015af741907840b06072abb13299d0071594afc8d5644e1967c317ad,25f2ec6f27c21ed78ec7eb415e35c966d79f4704cc75beaa0717edd099507091
Anode,GA_18,True,True,True,36,36,0.8,14.8,2.0,,3.0,,110.0,86.66666666666667,0.97,1.265217391304348,28a6c887347c09f3852f57194356707d1c094608a77ffd2790712c7fdabf747d,0c2945cd4771d9d17e94545029e72c5b9b9fc9cb98d8108a874386edeb133e4b
Anode,GA_19,True,True,True,36,36,0.8,14.8,2.0,,3.0,,121.3333333333333,98.66666666666667,0.970059880239521,1.218045112781955,6ff572f703e250ae45cf2163673bd777fe2d352258c966d6a16eeb966aaa5a0f,6945a3f879df4dc37f57beedda532d41738f3e32c606e5ac555a7c5c7ee69bcd
Anode,GA_2,True,True,True,36,36,0.8,14.8,3.0,,1.0,,107.6666666666667,94.0,0.9726962457337883,1.130952380952381,7da5a371f79fe02e2f01567fcb4ea64792273fd0cfc7ac1a68682ac4c52086f2,d2e1f15b491d9ed13dbb39c22f5507be62a5a248593b04cce7537cc2c3a692ae
Anode,GA_20,True,True,True,36,36,0.8,14.8,2.0,,3.0,,44.33333333333334,30.66666666666667,0.9611650485436891,1.596774193548387,2e3f17e2cf8df34a00346d7bf25f7eca8fd204bca0ee01dbb1d15b9394ee1f7b,44241dec36d202f095da4c1d022d5066f3fc5e030452a18a09578d86a857a662
Anode,GA_21,True,True,True,36,36,0.8,14.8,2.0,,3.0,,119.0,95.66666666666667,0.9908256880733947,1.260700389105059,1f27f2d5559a6ad74db6883ef93dd714557158af3fa0d8f0ee47132c513d5a95,f6697ed8b67c188959446a084466a95580bea48967bda038fd009e5eb1676e17
Anode,GA_22,True,True,True,36,36,0.8,14.8,2.0,,1.0,,107.6666666666667,85.66666666666667,0.9624573378839589,1.242290748898678,963376f7b8ffd119da8ac8af9d7ad004f6add6d6759a9bc5c36f41c8963c9672,048478d13367fdf8446e62fe4b7856e72c49e1bb60981ea12be6f9d75072acb5
Anode,GA_23,True,True,True,36,36,0.8,14.8,2.0,,1.0,,44.0,30.33333333333333,0.9411764705882353,1.573770491803279,ae1c4542cceb16a15f24e6a45631da203d9a297271c512526022bd535405bc53,c502241f12d94a8138f4b94997722d37279b5d9475c9d7ba7f6c488724628809
Anode,GA_24,True,True,True,36,36,0.8,14.8,2.0,,1.0,,170.6666666666667,148.6666666666667,0.9896265560165974,1.146634615384615,89bc45b9ee11e3e75234cbecb6d69a0cb73bcc5d0ca3345f808adcafadf18ecc,27100878aefcfff063062ae6f5c90850131f57f25a6ff2081acc0643d1f34013
Anode,GA_25,True,True,True,36,36,0.8,14.8,2.0,,1.0,,104.6666666666667,83.33333333333333,0.9718309859154929,1.254545454545454,50506e37eeb29568fa3c7ac3d7530d5235c77e7e7eec16d1d372abe85c3d9310,7b097796a8993b291cd43c25acef1409ed20fffb17c4350ee1be2d33658cc93e
Anode,GA_26,True,True,True,36,36,0.8,14.8,2.0,,1.0,,105.6666666666667,79.33333333333333,0.9616724738675957,1.326923076923077,cc7b107157e29cd9aad612b896c88bc5848c2aa2a91f03b3d1abebbee656fe3e,b5522349b3c8074439b21d50719a12ad0d8ffcff2ffdf7f07bb6379734d6a1a7
Anode,GA_27,True,True,True,36,36,0.8,14.8,1.0,,1.0,,151.0,120.0,0.9929078014184397,1.272727272727273,b2f2ad3598997cf0b36e897b41e53b92ace4cc3280e89365c19caf39d852dabe,474f464d6688a3ea72c02457f6676af12e0a4ff0cdefeb59aa206b879f73679d
Anode,GA_28,True,True,True,36,36,0.8,14.8,1.0,,1.0,,124.6666666666667,89.0,0.9593023255813954,1.392405063291139,37936edae12c34ca63458e1dada49324fecf2dc4fcd9037afa1fa8211a41135d,8b6c33ba810a4f60fb8cc883cdd6770d833dc49643dbf62e3a99deea8a6953db
Anode,GA_29,True,True,True,36,36,0.8,14.8,1.0,,1.0,,46.33333333333334,30.33333333333333,0.8807339449541283,1.573770491803279,dc41ac3c2be00f6446107258a0a5a84025d6b591584dd5e37c05db111b4c02d9,442c95d68c7d968c5edcf1c20faf8425fcc3a1822d04cb7cb1257c0fd83d62c3
Anode,GA_3,True,True,True,36,36,0.8,14.8,3.0,,1.0,,91.0,80.0,0.9876543209876546,1.142857142857143,ee10bf1c300808af84c12cbb2e1153da49a19423e251d62d7f4a72d1409c7094,96c4b70c96984e409ba22aaaef9975ac05ed169f9fad5fd45bfbf3e0d6853179
Anode,GA_30,True,True,True,36,36,0.8,14.8,1.0,,1.0,,92.66666666666667,64.66666666666667,0.9435483870967744,1.426829268292683,c7a7595afbc0223dfe12810f2825956690d2b34c1b6bae3ce47b9a425a6faef0,38e94a737851b18d58c722b1acc5119ea189cdcb3d049d847c9ab8d1d78051cb
Anode,GA_4,True,True,True,36,36,0.8,14.8,3.0,,1.0,,149.0,134.0,1.02158273381295,1.145161290322581,63c9287b37d4f190b8c86fa0741e62f56aabe9669152081b77a1d5a153bbcf86,b8968ce91576ae2b3cf236058ef55afd19b8be635b4aa8710f37d39c8602df57
Anode,GA_5,True,True,True,36,36,0.8,14.8,3.0,,1.0,,151.3333333333333,138.3333333333333,0.9905660377358491,1.090909090909091,4fa80ab2eeafc28072b48001de460fe5600ccf329020ed3a94c191c7ca55e410,01d790e976f6aaa56e999fb2895007c8c852789f4f7c52821dbd67783a221b21
Anode,GA_6,True,True,True,36,36,0.8,14.8,1.0,,3.0,,164.0,127.6666666666667,0.974025974025974,1.274787535410765,ed4d5c96dfb1899891e8dbd775e25d797030e37f69cad15e638daf04e5f687e1,6739e30977fc86b5abf788589bcf94a3b5ecb70bb5b17c782831d6a14334ecb8
Anode,GA_7,True,True,True,36,36,0.8,14.8,1.0,,3.0,,89.66666666666667,61.66666666666666,0.9539748953974897,1.470967741935484,821f7dd6a78fbcd08b3e770fccbce2d6c14a8543dc9c3e09a5ef822f9b9b5cd8,bbe3defe9ecb76f6255afd8314a26fbc311f8438fc49e91d7d4f5ce6c8c457c3
Anode,GA_8,True,True,True,36,36,0.8,14.8,1.0,,3.0,,93.0,63.0,0.9156626506024097,1.433962264150944,7311c66b77d2fd28a0fed0022fbbb1d30c397c38f6220161721fd8f7ae25a21c,e9da56c1afc1a14595b5a8338ebf817e403078ba0ba4b2efd994938ee3f7e9a8
Anode,GA_9,True,True,True,36,36,0.8,14.8,1.0,,3.0,,45.0,29.33333333333333,0.8857142857142857,1.603448275862069,e94d8218eeea7a168755f0b8a7f49603d61e96578605f51c7c358b12d10d2124,9b4baf0ecb1574358e546a237088960ee74766eaa0f8b808d4cdb6a85a2db558
