historical_outcome_id,candidate_id,batch,solv_comb_sm,salt_comb_sm,canonical_salt,C_norm_20,conc_salt_1,theor_capacity,amt_electrolyte,de_expansion_status,pool_compatible,solv_ecfp_pca_0,solv_ecfp_pca_1,solv_ecfp_pca_2,solv_ecfp_pca_3,solv_ecfp_pca_4,solv_ecfp_pca_5,solv_ecfp_pca_6,solv_ecfp_pca_7,solv_ecfp_pca_8,solv_ecfp_pca_9,mol_wt_solv
HIST_0_0_ELEC_5a480,ELEC_5a480b93a6c43b90,0,COCCOC,O=S(=O)(F)[N-]S(=O)(=O)F.[Li+],[Li+].[N-](S(=O)(=O)F)S(=O)(=O)F,0.27658,1.0,150.0,50.0,BATCH0_PHYSICAL_CELL,False,-0.845301314,-0.995150622,1.062719678,-0.357551944,-0.30871976,0.309455892,0.693324769,0.61307207,-0.780468556,-0.407587973,90.06807956
HIST_0_1_ELEC_bf8ec,ELEC_bf8ecc6ba7ee74f7,0,COCCOC(C)C,O=S(=O)(F)[N-]S(=O)(=O)F.[Li+],[Li+].[N-](S(=O)(=O)F)S(=O)(=O)F,0.66146,1.0,150.0,50.0,BATCH0_PHYSICAL_CELL,False,-1.183255149,-0.948337914,0.615256685,-0.58226942,-1.010186872,-0.522075425,0.496895981,0.301582016,-0.507040042,-0.352331479,118.0993797
HIST_0_2_ELEC_bd783,ELEC_bd7836e84fa940ba,0,COCCOCC(C)C,O=S(=O)(F)[N-]S(=O)(=O)F.[Li+],[Li+].[N-](S(=O)(=O)F)S(=O)(=O)F,0.178386667,1.0,150.0,50.0,BATCH0_PHYSICAL_CELL,False,-1.240813652,-0.970769374,0.671104789,-0.607788696,-1.124651424,-0.436616728,0.62882414,0.421934363,-0.667953644,-0.376857272,132.1150298
HIST_0_3_ELEC_bd783,ELEC_bd7836e84fa940ba,0,COCCOCC(C)C,O=S(=O)(F)[N-]S(=O)(=O)F.[Li+],[Li+].[N-](S(=O)(=O)F)S(=O)(=O)F,0.216953333,1.0,150.0,50.0,BATCH0_PHYSICAL_CELL,False,-1.240813652,-0.970769374,0.671104789,-0.607788696,-1.124651424,-0.436616728,0.62882414,0.421934363,-0.667953644,-0.376857272,132.1150298
HIST_0_4_ELEC_92bfc,ELEC_92bfc3cca7a13afe,0,CCOCCOC(C)(C)C,O=S(=O)(F)[N-]S(=O)(=O)F.[Li+],[Li+].[N-](S(=O)(=O)F)S(=O)(=O)F,0.026186667,2.2,150.0,50.0,BATCH0_PHYSICAL_CELL,False,-0.879184033,-1.539457397,0.507075197,-0.111829666,0.800174592,0.133052901,0.926130223,-0.208394845,0.09926732,-0.130341098,146.1306798
HIST_0_5_ELEC_d05e0,ELEC_d05e04a098d55220,0,CCOCCOC(C)C,O=S(=O)(F)[N-]S(=O)(=O)F.[Li+],[Li+].[N-](S(=O)(=O)F)S(=O)(=O)F,0.620446667,2.0,150.0,50.0,BATCH0_PHYSICAL_CELL,False,-1.092294722,-1.519333652,-0.056199859,-0.093035869,-0.57201212,-0.583818474,-0.053796147,-0.111618619,-0.235490166,-0.315117402,132.1150298
HIST_0_6_ELEC_d05e0,ELEC_d05e04a098d55220,0,CCOCCOC(C)C,O=S(=O)(F)[N-]S(=O)(=O)F.[Li+],[Li+].[N-](S(=O)(=O)F)S(=O)(=O)F,0.643713333,2.0,150.0,50.0,BATCH0_PHYSICAL_CELL,False,-1.092294722,-1.519333652,-0.056199859,-0.093035869,-0.57201212,-0.583818474,-0.053796147,-0.111618619,-0.235490166,-0.315117402,132.1150298
HIST_0_7_ELEC_8482f,ELEC_8482f73230b5a5f0,0,CCCCOCCOC,O=S(=O)(F)[N-]S(=O)(=O)F.[Li+],[Li+].[N-](S(=O)(=O)F)S(=O)(=O)F,0.28502,1.0,150.0,50.0,BATCH0_PHYSICAL_CELL,False,-1.067892401,-1.253528912,0.602356639,0.775133942,-0.714363578,1.295648251,0.646532478,0.057885571,-0.297491097,-0.275587927,132.1150298
HIST_0_8_ELEC_e7aa9,ELEC_e7aa9c2e925278d9,0,COCCOC1CCCC1,O=S(=O)(F)[N-]S(=O)(=O)F.[Li+],[Li+].[N-](S(=O)(=O)F)S(=O)(=O)F,0.46594,1.0,150.0,50.0,BATCH0_PHYSICAL_CELL,False,0.394637021,-0.462672447,0.854415569,-0.416162254,-1.007141145,1.060702369,0.662826956,-0.394235422,-0.689026615,-0.69220093,144.1150298
HIST_0_9_ELEC_a5882,ELEC_a588227d3b624f35,0,CCCCOCCOC(C)C,O=S(=O)(F)[N-]S(=O)(=O)F.[Li+],[Li+].[N-](S(=O)(=O)F)S(=O)(=O)F,0.566,2.0,150.0,50.0,BATCH0_PHYSICAL_CELL,False,-1.075802707,-1.758840188,-0.316575343,0.66784325,-0.912375893,0.097061384,-0.035434319,-0.6026372,0.068839516,-0.249899929,160.1463299
HIST_0_10_ELEC_eb0f4,ELEC_eb0f4a2c4658b7e0,0,COCCOCCOC,O=S(=O)(F)[N-]S(=O)(=O)F.[Li+],[Li+].[N-](S(=O)(=O)F)S(=O)(=O)F,0.112013333,1.0,150.0,50.0,BATCH0_PHYSICAL_CELL,False,-0.899245337,-1.039674159,1.079794228,-0.35135381,-0.360826913,0.421555364,0.804487743,0.673994873,-0.878265459,-0.450959326,134.0942943
HIST_0_11_ELEC_4dab7,ELEC_4dab775a679de14e,0,FC(F)(F)COCCOCCOCC(F)(F)F,O=S(=O)(F)[N-]S(=O)(=O)F.[Li+],[Li+].[N-](S(=O)(=O)F)S(=O)(=O)F,0.3669,1.0,150.0,50.0,BATCH0_PHYSICAL_CELL,False,-0.657249054,-1.593830637,0.624975993,-0.502685362,0.783076982,-0.000997661,0.897056988,0.013969926,-0.600441711,-0.517590678,270.0690636
HIST_0_12_ELEC_e1144,ELEC_e114439c70cc1cb7,0,FCCOCCOCCOCCF,O=S(=O)(F)[N-]S(=O)(=O)F.[Li+],[Li+].[N-](S(=O)(=O)F)S(=O)(=O)F,0.009353333,1.0,150.0,50.0,BATCH0_PHYSICAL_CELL,False,-0.577399435,-1.639611527,0.670797886,-0.294001918,0.253208818,-0.028375034,0.3491853,0.2832121,-0.829724227,-0.518639269,198.1067508
HIST_0_13_ELEC_7399f,ELEC_7399f18dc88eaeed,0,COCCOCC(F)(F)C(F)(F)F,O=S(=O)(F)[N-]S(=O)(=O)F.[Li+],[Li+].[N-](S(=O)(=O)F)S(=O)(=O)F,0.652766667,1.0,150.0,50.0,BATCH0_PHYSICAL_CELL,False,-0.990625864,-1.13011434,1.217521529,-0.578703863,0.178735366,0.279892686,1.365620084,0.46458492,-0.464039538,-0.46136359,208.0522706
HIST_0_14_ELEC_7399f,ELEC_7399f18dc88eaeed,0,COCCOCC(F)(F)C(F)(F)F,O=S(=O)(F)[N-]S(=O)(=O)F.[Li+],[Li+].[N-](S(=O)(=O)F)S(=O)(=O)F,0.770546667,1.0,150.0,50.0,BATCH0_PHYSICAL_CELL,False,-0.990625864,-1.13011434,1.217521529,-0.578703863,0.178735366,0.279892686,1.365620084,0.46458492,-0.464039538,-0.46136359,208.0522706
HIST_0_15_ELEC_7399f,ELEC_7399f18dc88eaeed,0,COCCOCC(F)(F)C(F)(F)F,O=S(=O)(F)[N-]S(=O)(=O)F.[Li+],[Li+].[N-](S(=O)(=O)F)S(=O)(=O)F,0.700846667,1.0,150.0,50.0,BATCH0_PHYSICAL_CELL,False,-0.990625864,-1.13011434,1.217521529,-0.578703863,0.178735366,0.279892686,1.365620084,0.46458492,-0.464039538,-0.46136359,208.0522706
HIST_0_16_ELEC_ab74d,ELEC_ab74d0edc4a097b4,0,FC(F)(F)COCCOCCOCCOCC(F)(F)F,O=S(=O)(F)[N-]S(=O)(=O)F.[Li+],[Li+].[N-](S(=O)(=O)F)S(=O)(=O)F,0.477793333,2.0,150.0,50.0,BATCH0_PHYSICAL_CELL,False,-0.657249054,-1.593830637,0.624975993,-0.502685362,0.783076982,-0.000997661,0.897056988,0.013969926,-0.600441711,-0.517590678,314.0952783
HIST_0_17_ELEC_7399f,ELEC_7399f18dc88eaeed,0,COCCOCC(F)(F)C(F)(F)F,O=S(=O)(F)[N-]S(=O)(=O)F.[Li+],[Li+].[N-](S(=O)(=O)F)S(=O)(=O)F,0.75172,1.0,150.0,50.0,BATCH0_PHYSICAL_CELL,False,-0.990625864,-1.13011434,1.217521529,-0.578703863,0.178735366,0.279892686,1.365620084,0.46458492,-0.464039538,-0.46136359,208.0522706
HIST_0_18_ELEC_7399f,ELEC_7399f18dc88eaeed,0,COCCOCC(F)(F)C(F)(F)F,O=S(=O)(F)[N-]S(=O)(=O)F.[Li+],[Li+].[N-](S(=O)(=O)F)S(=O)(=O)F,0.68484,1.0,150.0,50.0,BATCH0_PHYSICAL_CELL,False,-0.990625864,-1.13011434,1.217521529,-0.578703863,0.178735366,0.279892686,1.365620084,0.46458492,-0.464039538,-0.46136359,208.0522706
HIST_0_19_ELEC_6160f,ELEC_6160f064766debeb,0,FCCOCCOCCF,O=S(=O)(F)[N-]S(=O)(=O)F.[Li+],[Li+].[N-](S(=O)(=O)F)S(=O)(=O)F,0.2435,1.0,150.0,50.0,BATCH0_PHYSICAL_CELL,False,-0.577399435,-1.639611527,0.670797886,-0.294001918,0.253208818,-0.028375034,0.3491853,0.2832121,-0.829724227,-0.518639269,154.0805361
HIST_0_20_ELEC_e0788,ELEC_e0788648a58379fb,0,COCCOCC(F)(F)C(F)F,O=S(=O)(F)[N-]S(=O)(=O)F.[Li+],[Li+].[N-](S(=O)(=O)F)S(=O)(=O)F,0.816786667,1.0,150.0,50.0,BATCH0_PHYSICAL_CELL,False,-1.190544702,-1.129055644,1.030187241,-0.66846516,-0.151807882,-0.097468222,1.281233276,0.277076031,-0.442167022,-0.403692158,190.0616924
HIST_0_21_ELEC_e0788,ELEC_e0788648a58379fb,0,COCCOCC(F)(F)C(F)F,O=S(=O)(F)[N-]S(=O)(=O)F.[Li+],[Li+].[N-](S(=O)(=O)F)S(=O)(=O)F,0.691613333,1.0,150.0,50.0,BATCH0_PHYSICAL_CELL,False,-1.190544702,-1.129055644,1.030187241,-0.66846516,-0.151807882,-0.097468222,1.281233276,0.277076031,-0.442167022,-0.403692158,190.0616924
HIST_0_22_ELEC_29756,ELEC_29756482cf010d75,0,COCC(F)(F)C(F)(F)COC,O=S(=O)(F)[N-]S(=O)(=O)F.[Li+],[Li+].[N-](S(=O)(=O)F)S(=O)(=O)F,0.699386667,1.0,150.0,50.0,BATCH0_PHYSICAL_CELL,False,-0.701883622,-1.481805137,1.023019275,-0.732298724,0.376696214,-0.032525502,1.00924756,0.164645846,-0.168576208,-0.320181334,190.0616924
HIST_0_23_ELEC_29756,ELEC_29756482cf010d75,0,COCC(F)(F)C(F)(F)COC,O=S(=O)(F)[N-]S(=O)(=O)F.[Li+],[Li+].[N-](S(=O)(=O)F)S(=O)(=O)F,0.67744,1.0,150.0,50.0,BATCH0_PHYSICAL_CELL,False,-0.701883622,-1.481805137,1.023019275,-0.732298724,0.376696214,-0.032525502,1.00924756,0.164645846,-0.168576208,-0.320181334,190.0616924
HIST_0_24_ELEC_29756,ELEC_29756482cf010d75,0,COCC(F)(F)C(F)(F)COC,O=S(=O)(F)[N-]S(=O)(=O)F.[Li+],[Li+].[N-](S(=O)(=O)F)S(=O)(=O)F,0.5874,1.0,150.0,50.0,BATCH0_PHYSICAL_CELL,False,-0.701883622,-1.481805137,1.023019275,-0.732298724,0.376696214,-0.032525502,1.00924756,0.164645846,-0.168576208,-0.320181334,190.0616924
HIST_0_25_ELEC_29756,ELEC_29756482cf010d75,0,COCC(F)(F)C(F)(F)COC,O=S(=O)(F)[N-]S(=O)(=O)F.[Li+],[Li+].[N-](S(=O)(=O)F)S(=O)(=O)F,0.570646667,1.0,150.0,50.0,BATCH0_PHYSICAL_CELL,False,-0.701883622,-1.481805137,1.023019275,-0.732298724,0.376696214,-0.032525502,1.00924756,0.164645846,-0.168576208,-0.320181334,190.0616924
HIST_0_26_ELEC_3f945,ELEC_3f945ea0ddef3fa5,0,COCCOB(OCCOC)OCCOC,O=S(=O)(F)[N-]S(=O)(=O)F.[Li+],[Li+].[N-](S(=O)(=O)F)S(=O)(=O)F,0.000746667,1.0,150.0,50.0,BATCH0_PHYSICAL_CELL,False,-0.84380391,-0.9347855,1.100088953,-0.357725515,-0.344566374,0.308552625,0.688237019,0.572082135,-0.786093915,-0.396651398,236.1431188
HIST_0_27_ELEC_33579,ELEC_33579bc5a1200c3c,0,COC(=O)OCC(F)(F)F,O=S(=O)(F)[N-]S(=O)(=O)F.[Li+],[Li+].[N-](S(=O)(=O)F)S(=O)(=O)F,0.05078,1.0,150.0,50.0,BATCH0_PHYSICAL_CELL,False,-1.321120898,0.207300714,1.242264556,-0.436737422,0.54603079,-0.498201107,0.295801405,-0.467213288,-0.074214089,-0.289551939,158.0190787
HIST_0_28_ELEC_a5390,ELEC_a53907bb8c4366fe,0,O=C1OCC(C(F)(F)F)O1,O=S(=O)(F)[N-]S(=O)(=O)F.[Li+],[Li+].[N-](S(=O)(=O)F)S(=O)(=O)F,0.00496,1.0,150.0,50.0,BATCH0_PHYSICAL_CELL,False,0.626498926,-1.29698795,1.011451642,-0.283365589,1.109053402,-0.576827595,-0.269631354,-0.386153283,-0.883121443,0.417589841,156.0034286
HIST_0_29_ELEC_1beb2,ELEC_1beb26c498cabfb3,0,FCCOB(OCCF)OCCF,O=S(=O)(F)[N-]S(=O)(=O)F.[Li+],[Li+].[N-](S(=O)(=O)F)S(=O)(=O)F,0.387506667,1.0,150.0,40.0,BATCH0_PHYSICAL_CELL,False,-0.510412183,-1.542039984,0.689379069,-0.304561586,0.259265593,-0.117256334,0.238872074,0.181288645,-0.705821189,-0.488305944,200.0831593
HIST_0_30_ELEC_7399f,ELEC_7399f18dc88eaeed,0,COCCOCC(F)(F)C(F)(F)F,O=S(=O)(F)[N-]S(=O)(=O)F.[Li+],[Li+].[N-](S(=O)(=O)F)S(=O)(=O)F,0.776418667,1.0,150.0,13.0,BATCH0_PHYSICAL_CELL,False,-0.990625864,-1.13011434,1.217521529,-0.578703863,0.178735366,0.279892686,1.365620084,0.46458492,-0.464039538,-0.46136359,208.0522706
HIST_0_31_ELEC_b6df2,ELEC_b6df2abe705734f0,0,COCCOCc1ccco1,O=S(=O)(F)[N-]S(=O)(=O)F.[Li+],[Li+].[N-](S(=O)(=O)F)S(=O)(=O)F,0.000204,1.0,150.0,50.0,BATCH0_PHYSICAL_CELL,False,-0.687319434,-1.062974786,1.246790938,-0.438504201,-0.324317538,0.383255959,0.514114389,0.764952846,-1.026413003,0.076663495,156.0786442
HIST_0_32_ELEC_d2edc,ELEC_d2edc36a6c8e5cdf,0,COCCOC(C)(C)C,O=S(=O)(F)[N-]S(=O)(=O)F.[Li+],[Li+].[N-](S(=O)(=O)F)S(=O)(=O)F,0.276148,1.0,150.0,50.0,BATCH0_PHYSICAL_CELL,False,-0.97014446,-0.968461659,1.178531741,-0.601063218,0.36199984,0.19479595,1.47682235,0.20480579,-0.172282555,-0.167555175,132.1150298
HIST_0_33_ELEC_7399f,ELEC_7399f18dc88eaeed,0,COCCOCC(F)(F)C(F)(F)F,O=S(=O)(F)[N-]S(=O)(=O)F.[Li+],[Li+].[N-](S(=O)(=O)F)S(=O)(=O)F,0.736065517,1.0,203.0,50.0,BATCH0_PHYSICAL_CELL,False,-0.990625864,-1.13011434,1.217521529,-0.578703863,0.178735366,0.279892686,1.365620084,0.46458492,-0.464039538,-0.46136359,208.0522706
HIST_0_34_ELEC_3b404,ELEC_3b40493416331b39,0,COCCOCC(F)(F)C(F)(F)F,O=C1O[B-](F)(F)OC1=O.O=S(=O)(F)[N-]S(=O)(=O)F.[Li+].[Li+],O=C1O[B-](F)(F)OC1=O.O=S(=O)(F)[N-]S(=O)(=O)F.[Li+].[Li+],0.000522167,1.0,203.0,13.0,BATCH0_PHYSICAL_CELL,False,-0.990625864,-1.13011434,1.217521529,-0.578703863,0.178735366,0.279892686,1.365620084,0.46458492,-0.464039538,-0.46136359,208.0522706
HIST_0_35_ELEC_7399f,ELEC_7399f18dc88eaeed,0,COCCOCC(F)(F)C(F)(F)F,O=S(=O)(F)[N-]S(=O)(=O)F.[Li+],[Li+].[N-](S(=O)(=O)F)S(=O)(=O)F,0.74303202,1.0,203.0,13.0,BATCH0_PHYSICAL_CELL,False,-0.990625864,-1.13011434,1.217521529,-0.578703863,0.178735366,0.279892686,1.365620084,0.46458492,-0.464039538,-0.46136359,208.0522706
HIST_0_36_ELEC_ef358,ELEC_ef35813449967aa2,0,COCCOCC(F)(F)C(F)(F)F,F[B-](F)(F)F.O=S(=O)(F)[N-]S(=O)(=O)F.[Li+].[Li+],F[B-](F)(F)F.O=S(=O)(F)[N-]S(=O)(=O)F.[Li+].[Li+],0.09753202,1.0,203.0,13.0,BATCH0_PHYSICAL_CELL,False,-0.990625864,-1.13011434,1.217521529,-0.578703863,0.178735366,0.279892686,1.365620084,0.46458492,-0.464039538,-0.46136359,208.0522706
HIST_0_37_ELEC_7399f,ELEC_7399f18dc88eaeed,0,COCCOCC(F)(F)C(F)(F)F,O=S(=O)(F)[N-]S(=O)(=O)F.[Li+],[Li+].[N-](S(=O)(=O)F)S(=O)(=O)F,9.36e-06,1.0,203.0,13.0,BATCH0_PHYSICAL_CELL,False,-0.990625864,-1.13011434,1.217521529,-0.578703863,0.178735366,0.279892686,1.365620084,0.46458492,-0.464039538,-0.46136359,208.0522706
HIST_0_38_ELEC_7399f,ELEC_7399f18dc88eaeed,0,COCCOCC(F)(F)C(F)(F)F,O=S(=O)(F)[N-]S(=O)(=O)F.[Li+],[Li+].[N-](S(=O)(=O)F)S(=O)(=O)F,0.626674877,1.0,203.0,13.0,BATCH0_PHYSICAL_CELL,False,-0.990625864,-1.13011434,1.217521529,-0.578703863,0.178735366,0.279892686,1.365620084,0.46458492,-0.464039538,-0.46136359,208.0522706
HIST_0_39_ELEC_e0788,ELEC_e0788648a58379fb,0,COCCOCC(F)(F)C(F)F,O=S(=O)(F)[N-]S(=O)(=O)F.[Li+],[Li+].[N-](S(=O)(=O)F)S(=O)(=O)F,0.612006404,1.0,203.0,13.0,BATCH0_PHYSICAL_CELL,False,-1.190544702,-1.129055644,1.030187241,-0.66846516,-0.151807882,-0.097468222,1.281233276,0.277076031,-0.442167022,-0.403692158,190.0616924
HIST_0_40_ELEC_e0788,ELEC_e0788648a58379fb,0,COCCOCC(F)(F)C(F)F,O=S(=O)(F)[N-]S(=O)(=O)F.[Li+],[Li+].[N-](S(=O)(=O)F)S(=O)(=O)F,0.642517241,1.0,203.0,50.0,BATCH0_PHYSICAL_CELL,False,-1.190544702,-1.129055644,1.030187241,-0.66846516,-0.151807882,-0.097468222,1.281233276,0.277076031,-0.442167022,-0.403692158,190.0616924
HIST_0_41_ELEC_7399f,ELEC_7399f18dc88eaeed,0,COCCOCC(F)(F)C(F)(F)F,O=S(=O)(F)[N-]S(=O)(=O)F.[Li+],[Li+].[N-](S(=O)(=O)F)S(=O)(=O)F,0.560285714,1.0,161.0,50.0,BATCH0_PHYSICAL_CELL,False,-0.990625864,-1.13011434,1.217521529,-0.578703863,0.178735366,0.279892686,1.365620084,0.46458492,-0.464039538,-0.46136359,208.0522706
HIST_0_42_ELEC_7399f,ELEC_7399f18dc88eaeed,0,COCCOCC(F)(F)C(F)(F)F,O=S(=O)(F)[N-]S(=O)(=O)F.[Li+],[Li+].[N-](S(=O)(=O)F)S(=O)(=O)F,0.560284472,1.0,161.0,50.0,BATCH0_PHYSICAL_CELL,False,-0.990625864,-1.13011434,1.217521529,-0.578703863,0.178735366,0.279892686,1.365620084,0.46458492,-0.464039538,-0.46136359,208.0522706
HIST_0_43_ELEC_7399f,ELEC_7399f18dc88eaeed,0,COCCOCC(F)(F)C(F)(F)F,O=S(=O)(F)[N-]S(=O)(=O)F.[Li+],[Li+].[N-](S(=O)(=O)F)S(=O)(=O)F,0.617848447,2.0,161.0,50.0,BATCH0_PHYSICAL_CELL,False,-0.990625864,-1.13011434,1.217521529,-0.578703863,0.178735366,0.279892686,1.365620084,0.46458492,-0.464039538,-0.46136359,208.0522706
HIST_0_44_ELEC_02279,ELEC_022798468585f297,0,CCOCCOCC,O=S(=O)(F)[N-]S(=O)(=O)F.[Li+],[Li+].[N-](S(=O)(=O)F)S(=O)(=O)F,0.770133333,1.0,150.0,50.0,BATCH0_PHYSICAL_CELL,False,-0.754340888,-1.56614636,0.391263134,0.131681608,0.129454992,0.247712842,0.142632642,0.199871435,-0.508918681,-0.370373895,118.0993797
HIST_0_45_ELEC_5a480,ELEC_5a480b93a6c43b90,0,COCCOC,O=S(=O)(F)[N-]S(=O)(=O)F.[Li+],[Li+].[N-](S(=O)(=O)F)S(=O)(=O)F,0.370866667,1.0,150.0,50.0,BATCH0_PHYSICAL_CELL,False,-0.845301314,-0.995150622,1.062719678,-0.357551944,-0.30871976,0.309455892,0.693324769,0.61307207,-0.780468556,-0.407587973,90.06807956
HIST_0_46_ELEC_bf8ec,ELEC_bf8ecc6ba7ee74f7,0,COCCOC(C)C,O=S(=O)(F)[N-]S(=O)(=O)F.[Li+],[Li+].[N-](S(=O)(=O)F)S(=O)(=O)F,0.7302,2.0,150.0,50.0,BATCH0_PHYSICAL_CELL,False,-1.183255149,-0.948337914,0.615256685,-0.58226942,-1.010186872,-0.522075425,0.496895981,0.301582016,-0.507040042,-0.352331479,118.0993797
HIST_0_47_ELEC_bf8ec,ELEC_bf8ecc6ba7ee74f7,0,COCCOC(C)C,O=S(=O)(F)[N-]S(=O)(=O)F.[Li+],[Li+].[N-](S(=O)(=O)F)S(=O)(=O)F,0.745733333,2.0,150.0,50.0,BATCH0_PHYSICAL_CELL,False,-1.183255149,-0.948337914,0.615256685,-0.58226942,-1.010186872,-0.522075425,0.496895981,0.301582016,-0.507040042,-0.352331479,118.0993797
HIST_0_48_ELEC_5a480,ELEC_5a480b93a6c43b90,0,COCCOC,O=S(=O)(F)[N-]S(=O)(=O)F.[Li+],[Li+].[N-](S(=O)(=O)F)S(=O)(=O)F,0.6804,2.0,150.0,50.0,BATCH0_PHYSICAL_CELL,False,-0.845301314,-0.995150622,1.062719678,-0.357551944,-0.30871976,0.309455892,0.693324769,0.61307207,-0.780468556,-0.407587973,90.06807956
HIST_0_49_ELEC_5a480,ELEC_5a480b93a6c43b90,0,COCCOC,O=S(=O)(F)[N-]S(=O)(=O)F.[Li+],[Li+].[N-](S(=O)(=O)F)S(=O)(=O)F,0.709666667,2.0,150.0,50.0,BATCH0_PHYSICAL_CELL,False,-0.845301314,-0.995150622,1.062719678,-0.357551944,-0.30871976,0.309455892,0.693324769,0.61307207,-0.780468556,-0.407587973,90.06807956
HIST_0_50_ELEC_5a480,ELEC_5a480b93a6c43b90,0,COCCOC,O=S(=O)(F)[N-]S(=O)(=O)F.[Li+],[Li+].[N-](S(=O)(=O)F)S(=O)(=O)F,0.635333333,2.0,150.0,50.0,BATCH0_PHYSICAL_CELL,False,-0.845301314,-0.995150622,1.062719678,-0.357551944,-0.30871976,0.309455892,0.693324769,0.61307207,-0.780468556,-0.407587973,90.06807956
HIST_0_51_ELEC_d05e0,ELEC_d05e04a098d55220,0,CCOCCOC(C)C,O=S(=O)(F)[N-]S(=O)(=O)F.[Li+],[Li+].[N-](S(=O)(=O)F)S(=O)(=O)F,0.268066667,2.0,150.0,50.0,BATCH0_PHYSICAL_CELL,False,-1.092294722,-1.519333652,-0.056199859,-0.093035869,-0.57201212,-0.583818474,-0.053796147,-0.111618619,-0.235490166,-0.315117402,132.1150298
HIST_0_52_ELEC_6f708,ELEC_6f708e714e825235,0,CCOCCS(=O)(=O)F,O=S(=O)(F)[N-]S(=O)(=O)F.[Li+],[Li+].[N-](S(=O)(=O)F)S(=O)(=O)F,0.023666667,1.0,150.0,50.0,BATCH0_PHYSICAL_CELL,False,-0.793308973,-1.253348877,0.500190167,0.218522201,0.388076914,0.105804793,0.067019288,0.165619557,-0.756211113,-0.550334052,156.0256434
HIST_0_53_ELEC_6f708,ELEC_6f708e714e825235,0,CCOCCS(=O)(=O)F,O=S(=O)(F)[N-]S(=O)(=O)F.[Li+],[Li+].[N-](S(=O)(=O)F)S(=O)(=O)F,0.077533333,2.0,150.0,50.0,BATCH0_PHYSICAL_CELL,False,-0.793308973,-1.253348877,0.500190167,0.218522201,0.388076914,0.105804793,0.067019288,0.165619557,-0.756211113,-0.550334052,156.0256434
HIST_0_54_ELEC_de733,ELEC_de733519c5e40bc4,0,CCS(=O)(=O)F,O=S(=O)(F)[N-]S(=O)(=O)F.[Li+],[Li+].[N-](S(=O)(=O)F)S(=O)(=O)F,0.494866667,1.0,150.0,50.0,BATCH0_PHYSICAL_CELL,False,-0.436551152,-1.416764657,0.214396109,0.264903255,0.822737303,-0.411763662,-0.321363851,-0.052262235,-0.615221977,-0.539429212,111.9994286
HIST_0_55_ELEC_de733,ELEC_de733519c5e40bc4,0,CCS(=O)(=O)F,O=S(=O)(F)[N-]S(=O)(=O)F.[Li+],[Li+].[N-](S(=O)(=O)F)S(=O)(=O)F,0.7632422,2.0,150.0,50.0,BATCH0_PHYSICAL_CELL,False,-0.436551152,-1.416764657,0.214396109,0.264903255,0.822737303,-0.411763662,-0.321363851,-0.052262235,-0.615221977,-0.539429212,111.9994286
HIST_0_56_ELEC_de733,ELEC_de733519c5e40bc4,0,CCS(=O)(=O)F,O=S(=O)(F)[N-]S(=O)(=O)F.[Li+],[Li+].[N-](S(=O)(=O)F)S(=O)(=O)F,0.718571429,4.0,203.0,50.0,BATCH0_PHYSICAL_CELL,False,-0.436551152,-1.416764657,0.214396109,0.264903255,0.822737303,-0.411763662,-0.321363851,-0.052262235,-0.615221977,-0.539429212,111.9994286
HIST_0_57_ELEC_5a480,ELEC_5a480b93a6c43b90,0,COCCOC,O=S(=O)(F)[N-]S(=O)(=O)F.[Li+],[Li+].[N-](S(=O)(=O)F)S(=O)(=O)F,0.761182266,4.0,203.0,50.0,BATCH0_PHYSICAL_CELL,False,-0.845301314,-0.995150622,1.062719678,-0.357551944,-0.30871976,0.309455892,0.693324769,0.61307207,-0.780468556,-0.407587973,90.06807956
HIST_1_58_ELEC_602b1,ELEC_602b11ffb56c22d6,1,CC1(C(=O)Cl)CCCCC1,[Li+].[N-](S(=O)(=O)F)S(=O)(=O)F,[Li+].[N-](S(=O)(=O)F)S(=O)(=O)F,0.0,1.0,150.0,50.0,DE_EXPANDED_ACQUISITION_OUTCOME,False,0.578053638,-0.216590022,0.983575796,-0.309683071,0.916454188,-0.045955094,-1.378522327,0.302681818,0.322186762,-1.255211007,160.0654927
HIST_1_59_ELEC_5c9e3,ELEC_5c9e31f0cffe97e0,1,CC1(C)CCCC(=O)C1,[Li+].[N-](S(=O)(=O)F)S(=O)(=O)F,[Li+].[N-](S(=O)(=O)F)S(=O)(=O)F,6.67e-05,1.0,150.0,50.0,DE_EXPANDED_ACQUISITION_OUTCOME,False,0.544320585,-0.787393789,0.681496222,-0.28969975,0.458623657,0.255900558,-0.920301392,0.736245307,0.100206845,-1.007396262,126.1044651
HIST_1_60_ELEC_5c9e3,ELEC_5c9e31f0cffe97e0,1,CC1(C)CCCC(=O)C1,[Li+].[N-](S(=O)(=O)F)S(=O)(=O)F,[Li+].[N-](S(=O)(=O)F)S(=O)(=O)F,9.85e-05,1.0,203.0,50.0,DE_EXPANDED_ACQUISITION_OUTCOME,False,0.544320585,-0.787393789,0.681496222,-0.28969975,0.458623657,0.255900558,-0.920301392,0.736245307,0.100206845,-1.007396262,126.1044651
HIST_1_61_ELEC_8dd31,ELEC_8dd316abdb62cac1,1,CC1(C)CCCC(C)(C)N1Cl,[Li+].[N-](S(=O)(=O)F)S(=O)(=O)F,[Li+].[N-](S(=O)(=O)F)S(=O)(=O)F,0.0,1.0,150.0,50.0,DE_EXPANDED_ACQUISITION_OUTCOME,False,0.955032634,-1.26424607,0.621732663,-0.341995602,0.374763363,-0.332263475,-0.804000256,0.733635071,0.479057213,-1.033858357,175.1127773
HIST_1_62_ELEC_ee743,ELEC_ee7431cc1527d538,1,CC1(C)CCCCC1,[Li+].[N-](S(=O)(=O)F)S(=O)(=O)F,[Li+].[N-](S(=O)(=O)F)S(=O)(=O)F,0.0,1.0,150.0,50.0,DE_EXPANDED_ACQUISITION_OUTCOME,False,1.006540575,-1.325178226,0.425723471,-0.443286153,0.298218658,0.452950075,-0.998666185,0.231132782,0.447462309,-1.341981685,112.1252005
HIST_1_63_ELEC_c154d,ELEC_c154d5cab3488e6f,1,CC1(Cl)CCCCC1,[Li+].[N-](S(=O)(=O)F)S(=O)(=O)F,[Li+].[N-](S(=O)(=O)F)S(=O)(=O)F,0.0,1.0,150.0,50.0,DE_EXPANDED_ACQUISITION_OUTCOME,False,0.737807059,-1.41218596,0.505231795,-0.561888446,0.444366744,0.068358571,-1.010923568,0.569774902,0.533010227,-1.274821056,132.0705781
HIST_1_64_ELEC_24f9f,ELEC_24f9f8564bc3d4a3,1,CCN1CCCC1,[Li+].[N-](S(=O)(=O)F)S(=O)(=O)F,[Li+].[N-](S(=O)(=O)F)S(=O)(=O)F,0.0,1.0,150.0,50.0,DE_EXPANDED_ACQUISITION_OUTCOME,False,0.876501828,-1.07216772,-0.08196282,0.736596281,0.205999718,-0.486058556,0.263507963,0.37072666,0.175130808,-0.596035276,99.10479942
HIST_1_65_ELEC_02db5,ELEC_02db5b876935b11f,1,CN1C(C)(C)CCCC1(C)C,[Li+].[N-](S(=O)(=O)F)S(=O)(=O)F,[Li+].[N-](S(=O)(=O)F)S(=O)(=O)F,0.0,1.0,150.0,50.0,DE_EXPANDED_ACQUISITION_OUTCOME,False,1.154580859,-1.168029622,0.649902203,-0.116635784,0.382289815,-0.378234553,-0.667126386,1.046499388,0.420562708,-1.047499382,155.1673997
HIST_1_66_ELEC_8c09f,ELEC_8c09f94970422f9a,1,CN1CCCCC1,[Li+].[N-](S(=O)(=O)F)S(=O)(=O)F,[Li+].[N-](S(=O)(=O)F)S(=O)(=O)F,0.0,1.0,150.0,50.0,DE_EXPANDED_ACQUISITION_OUTCOME,False,1.389185153,-0.935875879,0.111029444,0.485330686,0.308117278,-0.724181092,0.398490902,0.687893646,-0.342577279,-0.959080834,99.10479942
HIST_1_67_ELEC_1a597,ELEC_1a59724c9447bb08,1,COC(=O)C1(C)CCCC1,[Li+].[N-](S(=O)(=O)F)S(=O)(=O)F,[Li+].[N-](S(=O)(=O)F)S(=O)(=O)F,0.000123153,1.0,203.0,50.0,DE_EXPANDED_ACQUISITION_OUTCOME,False,0.048042953,0.285709083,1.726344181,-0.579637896,0.17588432,0.241913778,-0.991960373,0.65799963,0.769220281,-1.00462969,142.0993797
HIST_1_68_ELEC_1a597,ELEC_1a59724c9447bb08,1,COC(=O)C1(C)CCCC1,[Li+].[N-](S(=O)(=O)F)S(=O)(=O)F,[Li+].[N-](S(=O)(=O)F)S(=O)(=O)F,0.001066667,1.0,150.0,50.0,DE_EXPANDED_ACQUISITION_OUTCOME,False,0.048042953,0.285709083,1.726344181,-0.579637896,0.17588432,0.241913778,-0.991960373,0.65799963,0.769220281,-1.00462969,142.0993797
HIST_1_69_ELEC_df134,ELEC_df134ebbbbe26e5f,1,ClC1(Cl)CCCC1,[Li+].[N-](S(=O)(=O)F)S(=O)(=O)F,[Li+].[N-](S(=O)(=O)F)S(=O)(=O)F,0.0,1.0,150.0,50.0,DE_EXPANDED_ACQUISITION_OUTCOME,False,0.696267099,-1.429634396,0.575233012,-0.595873418,0.518935347,-0.141127782,-0.932757128,0.46387917,0.224611797,-1.119394574,138.0003056
HIST_1_70_ELEC_1f6f0,ELEC_1f6f0430ba7a6563,1,FC1(F)CCCCC1,[Li+].[N-](S(=O)(=O)F)S(=O)(=O)F,[Li+].[N-](S(=O)(=O)F)S(=O)(=O)F,0.0,1.0,150.0,50.0,DE_EXPANDED_ACQUISITION_OUTCOME,False,0.680280671,-1.383992411,0.402121338,-0.76992404,0.378533758,-0.445670233,-0.916712225,0.326252158,0.432195254,-1.323779456,120.0750568
HIST_1_71_ELEC_977b2,ELEC_977b2b1fe477b8d6,1,FC1(F)CCCCC1Cl,[Li+].[N-](S(=O)(=O)F)S(=O)(=O)F,[Li+].[N-](S(=O)(=O)F)S(=O)(=O)F,0.0,1.0,150.0,50.0,DE_EXPANDED_ACQUISITION_OUTCOME,False,1.447439595,-1.230973013,0.492615834,-0.724458698,0.302936468,0.288999549,-0.715426706,-0.300911125,0.172510849,-1.202537415,154.0360844
HIST_1_72_ELEC_85380,ELEC_85380cbee6c84ed7,1,FC1(F)CCCCCC1,[Li+].[N-](S(=O)(=O)F)S(=O)(=O)F,[Li+].[N-](S(=O)(=O)F)S(=O)(=O)F,0.0,1.0,150.0,50.0,DE_EXPANDED_ACQUISITION_OUTCOME,False,0.680280671,-1.383992411,0.402121338,-0.76992404,0.378533758,-0.445670233,-0.916712225,0.326252158,0.432195254,-1.323779456,134.0907068
HIST_1_73_ELEC_47ba6,ELEC_47ba6a8238c6852b,1,O=C1CC(=O)CC2(CCCC2)C1,[Li+].[N-](S(=O)(=O)F)S(=O)(=O)F,[Li+].[N-](S(=O)(=O)F)S(=O)(=O)F,0.0,1.0,150.0,50.0,DE_EXPANDED_ACQUISITION_OUTCOME,False,0.771487963,-1.039048207,0.946017047,-0.178268793,0.757423484,-0.206797922,-1.220774166,0.577555254,-0.129237541,-1.193202917,166.0993797
HIST_2_74_ELEC_941ca,ELEC_941ca34bfbdaf0fe,2,CCCOC,[Li+].[N-](S(=O)(=O)F)S(=O)(=O)F,[Li+].[N-](S(=O)(=O)F)S(=O)(=O)F,0.451913333,1.0,150.0,50.0,DE_EXPANDED_ACQUISITION_OUTCOME,False,-0.937292417,-1.613543874,0.672440676,0.163122555,-0.543020152,0.617387113,0.624448731,0.415480898,-0.270824242,-0.246220365,74.07316494
HIST_2_75_ELEC_47ac2,ELEC_47ac244c0b18a35a,2,COC(C)CC(OC)OC,[Li+].[N-](S(=O)(=O)F)S(=O)(=O)F,[Li+].[N-](S(=O)(=O)F)S(=O)(=O)F,0.0006,1.0,150.0,50.0,DE_EXPANDED_ACQUISITION_OUTCOME,False,-0.908122595,-1.333407723,0.482503447,-0.688417645,-0.753604664,-0.895699857,0.057640643,0.022552019,-0.14953952,-0.290208308,148.1099444
HIST_2_76_ELEC_bfafd,ELEC_bfafdbae5fc1461d,2,COC(CC(F)(F)F)OC,[Li+].[N-](S(=O)(=O)F)S(=O)(=O)F,[Li+].[N-](S(=O)(=O)F)S(=O)(=O)F,0.37510596,1.0,150.0,50.0,DE_EXPANDED_ACQUISITION_OUTCOME,False,-0.874615645,-1.416076751,0.733659966,-0.734610708,0.144525357,-0.58925053,0.707574725,-0.029228618,0.073187916,-0.270348207,158.0554642
HIST_2_77_ELEC_aa3c1,ELEC_aa3c1160be4498da,2,COC(CCl)OC,[Li+].[N-](S(=O)(=O)F)S(=O)(=O)F,[Li+].[N-](S(=O)(=O)F)S(=O)(=O)F,0.0,1.0,150.0,50.0,DE_EXPANDED_ACQUISITION_OUTCOME,False,-0.790618342,-1.433227757,0.680857868,-0.562792936,-0.39428374,-0.470132252,0.132725061,0.107643916,-0.333555437,-0.324076086,124.0291072
HIST_2_78_ELEC_0a7d0,ELEC_0a7d0539f3d33a73,2,COC(F)(F)C(F)Cl,[Li+].[N-](S(=O)(=O)F)S(=O)(=O)F,[Li+].[N-](S(=O)(=O)F)S(=O)(=O)F,0.0,1.0,150.0,50.0,DE_EXPANDED_ACQUISITION_OUTCOME,False,-0.743405888,-1.487899894,0.912048248,-0.821154541,0.293528942,-0.651771739,0.598412816,-0.220785879,-0.090746766,-0.328343185,147.9902771
HIST_2_79_ELEC_a9473,ELEC_a9473ba9ba824a03,2,COC(OC)C(F)(F)F,[Li+].[N-](S(=O)(=O)F)S(=O)(=O)F,[Li+].[N-](S(=O)(=O)F)S(=O)(=O)F,0.0,1.0,150.0,50.0,DE_EXPANDED_ACQUISITION_OUTCOME,False,-0.763499013,-1.479645119,0.935297717,-0.813958386,0.157691289,-0.724050496,0.577195118,-0.183906975,-0.090010121,-0.34550722,144.0398141
HIST_2_80_ELEC_53b33,ELEC_53b33df3df85e0b5,2,COCC(C)OC,[Li+].[N-](S(=O)(=O)F)S(=O)(=O)F,[Li+].[N-](S(=O)(=O)F)S(=O)(=O)F,6.67e-06,1.0,150.0,50.0,DE_EXPANDED_ACQUISITION_OUTCOME,False,-1.094893947,-1.404056194,0.585391049,-0.764865229,-1.12770827,-0.580104181,0.501909091,0.331474635,-0.412697927,-0.318497454,104.0837296
HIST_2_81_ELEC_494c1,ELEC_494c1dfa07b983ee,2,COCC(F)(F)C(F)F,[Li+].[N-](S(=O)(=O)F)S(=O)(=O)F,[Li+].[N-](S(=O)(=O)F)S(=O)(=O)F,0.0,1.0,150.0,50.0,DE_EXPANDED_ACQUISITION_OUTCOME,False,-0.900533223,-1.482508155,0.838778968,-0.836133379,0.037687113,-0.440201697,0.923086821,0.022392412,-0.062370953,-0.277913267,146.0354777
HIST_2_82_ELEC_3c33c,ELEC_3c33cd8ed409168e,2,COCCC(C)(OC)OC,[Li+].[N-](S(=O)(=O)F)S(=O)(=O)F,[Li+].[N-](S(=O)(=O)F)S(=O)(=O)F,6.67e-06,1.0,150.0,50.0,DE_EXPANDED_ACQUISITION_OUTCOME,False,-0.898381183,-1.467829442,1.086570459,-0.709556123,0.226229008,0.227358945,1.573874667,0.327258317,-0.089751219,-0.204550589,148.1099444
HIST_2_83_ELEC_b911c,ELEC_b911ca0db9ea7225,2,COCCOCOCC(F)(F)F,[Li+].[N-](S(=O)(=O)F)S(=O)(=O)F,[Li+].[N-](S(=O)(=O)F)S(=O)(=O)F,0.039613333,1.0,150.0,50.0,DE_EXPANDED_ACQUISITION_OUTCOME,False,-1.0017922,-1.010354169,1.017560113,-0.622212424,0.273032569,0.35488101,1.350128201,0.349804796,-0.612392939,-0.443797179,188.0660289
HIST_2_84_ELEC_3fddd,ELEC_3fdddb64121e9db4,2,CO[Si](CCC(F)(F)C(F)(F)C(F)(F)F)(OC)OC,[Li+].[N-](S(=O)(=O)F)S(=O)(=O)F,[Li+].[N-](S(=O)(=O)F)S(=O)(=O)F,0.01,1.0,150.0,50.0,DE_EXPANDED_ACQUISITION_OUTCOME,False,-0.693253119,-1.413397907,1.016682334,-0.620583738,0.391537374,-0.151953464,0.987993883,0.129135385,-0.188265883,-0.323886142,318.0522183
HIST_3_85_ELEC_13a7d,ELEC_13a7dcec1d79a867,3,CCCCCCOC,[Li+].[N-](S(=O)(=O)F)S(=O)(=O)F,[Li+].[N-](S(=O)(=O)F)S(=O)(=O)F,0.53654,1.0,150.0,50.0,DE_EXPANDED_ACQUISITION_OUTCOME,False,-1.308256378,-1.86306934,0.558941024,1.032227763,-0.733941425,1.279643633,0.535022646,0.339326424,-0.131248102,-0.220571929,116.1201151
HIST_3_86_ELEC_7e14e,ELEC_7e14eca6ba436b90,3,CCCCOCCOCCOCCOC,[Li+].[N-](S(=O)(=O)F)S(=O)(=O)F,[Li+].[N-](S(=O)(=O)F)S(=O)(=O)F,0.249266667,1.0,150.0,50.0,DE_EXPANDED_ACQUISITION_OUTCOME,False,-1.067892401,-1.253528912,0.602356639,0.775133942,-0.714363578,1.295648251,0.646532478,0.057885571,-0.297491097,-0.275587927,220.1674592
HIST_3_87_ELEC_1dee0,ELEC_1dee05a08a2963a0,3,CCOC(=O)CN(C)CCOC,[Li+].[N-](S(=O)(=O)F)S(=O)(=O)F,[Li+].[N-](S(=O)(=O)F)S(=O)(=O)F,8e-06,1.0,150.0,50.0,DE_EXPANDED_ACQUISITION_OUTCOME,False,-1.61837021,0.619338139,0.080507021,0.000244071,0.093421264,0.996731158,0.388904876,0.90169292,-0.710794021,-0.258546302,175.1208434
HIST_3_88_ELEC_fce39,ELEC_fce39c30a63a1067,3,CCOCCCl,[Li+].[N-](S(=O)(=O)F)S(=O)(=O)F,[Li+].[N-](S(=O)(=O)F)S(=O)(=O)F,0.0,1.0,150.0,50.0,DE_EXPANDED_ACQUISITION_OUTCOME,False,-0.761119906,-1.609597838,0.396422982,0.137856288,0.181539763,0.20565827,0.102160945,0.166660629,-0.556469244,-0.407241446,108.0341926
HIST_3_89_ELEC_f37f8,ELEC_f37f8140d9c46303,3,COCCN(C)C,[Li+].[N-](S(=O)(=O)F)S(=O)(=O)F,[Li+].[N-](S(=O)(=O)F)S(=O)(=O)F,6.67e-06,1.0,150.0,50.0,DE_EXPANDED_ACQUISITION_OUTCOME,False,-0.910508327,-0.897028221,-0.30399985,-0.934742084,-0.208599166,0.859588877,0.955881621,1.288009264,-0.947539888,-0.321983042,103.099714
HIST_3_90_ELEC_1e85d,ELEC_1e85d4e748415a98,3,COCCN(C)S(C)(=O)=O,[Li+].[N-](S(=O)(=O)F)S(=O)(=O)F,[Li+].[N-](S(=O)(=O)F)S(=O)(=O)F,0.0,1.0,150.0,50.0,DE_EXPANDED_ACQUISITION_OUTCOME,False,-0.997594115,-0.587528505,-0.084673376,-0.76600535,-0.003628743,0.705357126,0.825029943,1.169960093,-1.325942591,-0.5435447,167.0616143
HIST_3_91_ELEC_26197,ELEC_26197ec8b93e218e,3,COCCOCCOCC(F)(F)C(F)F,[Li+].[N-](S(=O)(=O)F)S(=O)(=O)F,[Li+].[N-](S(=O)(=O)F)S(=O)(=O)F,0.549596667,1.0,150.0,50.0,DE_EXPANDED_ACQUISITION_OUTCOME,False,-1.190544702,-1.129055644,1.030187241,-0.66846516,-0.151807882,-0.097468222,1.281233276,0.277076031,-0.442167022,-0.403692158,234.0879072
HIST_4_92_ELEC_be7b3,ELEC_be7b31cfe3f1c551,4,CCCCC(OCC)OCC,[Li+].[N-](S(=O)(=O)F)S(=O)(=O)F,[Li+].[N-](S(=O)(=O)F)S(=O)(=O)F,0.0,1.0,150.0,50.0,DE_EXPANDED_ACQUISITION_OUTCOME,False,-1.136945474,-1.670537514,-0.213662857,1.023835565,-0.44958334,-0.032573225,-0.28224366,-0.394660337,0.180567221,-0.037578721,160.1463299
HIST_4_93_ELEC_e4037,ELEC_e4037af5e429a4a2,4,CCCCCCOC=O,[Li+].[N-](S(=O)(=O)F)S(=O)(=O)F,[Li+].[N-](S(=O)(=O)F)S(=O)(=O)F,0.0001,1.0,150.0,50.0,DE_EXPANDED_ACQUISITION_OUTCOME,False,-1.151046687,-1.634687584,0.371757959,1.37536911,0.072907098,0.806028687,-0.248370629,-0.164915749,-0.105198637,-0.269555204,130.0993797
HIST_4_94_ELEC_850b9,ELEC_850b9d1a084a5943,4,CCCCCCON=O,[Li+].[N-](S(=O)(=O)F)S(=O)(=O)F,[Li+].[N-](S(=O)(=O)F)S(=O)(=O)F,0.0,1.0,150.0,50.0,DE_EXPANDED_ACQUISITION_OUTCOME,False,-1.173966761,-1.622741941,0.337940198,1.444529414,0.087287453,0.85600688,-0.25828988,-0.100901693,-0.129672979,-0.171101529,131.0946287
HIST_4_95_ELEC_a8856,ELEC_a8856872e1955b86,4,CCCCCCOS(C)(=O)=O,[Li+].[N-](S(=O)(=O)F)S(=O)(=O)F,[Li+].[N-](S(=O)(=O)F)S(=O)(=O)F,0.003003333,1.0,150.0,50.0,DE_EXPANDED_ACQUISITION_OUTCOME,False,-1.18530929,-1.63903112,0.285151831,1.403112874,0.107494313,0.794562458,-0.189131354,-0.101360417,-0.315140081,-0.400167341,180.0820154
HIST_4_96_ELEC_a9c57,ELEC_a9c57af49b5258d0,4,CCCCCOCCCCC,[Li+].[N-](S(=O)(=O)F)S(=O)(=O)F,[Li+].[N-](S(=O)(=O)F)S(=O)(=O)F,0.054966667,1.0,150.0,50.0,DE_EXPANDED_ACQUISITION_OUTCOME,False,-0.787098605,-1.860123434,0.108463449,1.068635022,-0.232015795,1.043709312,0.085860172,-0.335380632,-0.105991435,-0.288296023,158.1670653
HIST_4_97_ELEC_7351e,ELEC_7351e85e1c44e63c,4,CCCCOC,[Li+].[N-](S(=O)(=O)F)S(=O)(=O)F,[Li+].[N-](S(=O)(=O)F)S(=O)(=O)F,0.6343,1.0,150.0,50.0,DE_EXPANDED_ACQUISITION_OUTCOME,False,-1.185937061,-1.761041234,0.562131313,0.697611981,-0.65580522,1.009843251,0.605022811,0.421359606,-0.216749873,-0.231323839,88.088815
HIST_4_98_ELEC_fdfca,ELEC_fdfcaf42e6adc89f,4,CCCCOCCCl,[Li+].[N-](S(=O)(=O)F)S(=O)(=O)F,[Li+].[N-](S(=O)(=O)F)S(=O)(=O)F,0.0,1.0,150.0,50.0,DE_EXPANDED_ACQUISITION_OUTCOME,False,-0.74462789,-1.849104375,0.136047498,0.898735407,-0.15882401,0.886538129,0.120522772,-0.324357952,-0.252139562,-0.342023973,136.0654927
HIST_4_99_ELEC_66726,ELEC_66726be3929d2861,4,CCCCOCCOCCCC,[Li+].[N-](S(=O)(=O)F)S(=O)(=O)F,[Li+].[N-](S(=O)(=O)F)S(=O)(=O)F,0.15425799,1.0,150.0,50.0,DE_EXPANDED_ACQUISITION_OUTCOME,False,-0.737848872,-1.805652897,0.13088765,0.892560727,-0.210908781,0.928592701,0.160994469,-0.291147146,-0.204588999,-0.305156422,174.1619799
HIST_4_100_ELEC_6cfd6,ELEC_6cfd6c5f1cadde93,4,CO[Si](CCC(F)(F)C(F)(F)C(F)(F)C(F)(F)C(F)(F)C(F)(F)F)(OC)OC,[Li+].[N-](S(=O)(=O)F)S(=O)(=O)F,[Li+].[N-](S(=O)(=O)F)S(=O)(=O)F,0.0,1.0,150.0,50.0,DE_EXPANDED_ACQUISITION_OUTCOME,False,-0.703865007,-1.378061069,0.988412063,-0.661167388,0.540599114,-0.224957471,0.849145837,-0.022704399,-0.042483437,-0.263213344,468.0426377
HIST_5_101_ELEC_750f9,ELEC_750f9318092c165b,5,CCOCCOC,[Li+].[N-](S(=O)(=O)F)S(=O)(=O)F,[Li+].[N-](S(=O)(=O)F)S(=O)(=O)F,0.6746,1.0,150.0,50.0,DE_EXPANDED_ACQUISITION_OUTCOME,False,-1.084384417,-1.014022376,0.862732124,0.014254823,-0.373999805,0.614768392,0.62817065,0.548904152,-0.601820779,-0.3408054,104.0837296
HIST_5_102_ELEC_202fb,ELEC_202fb278eacf092d,5,COC(CCl)(CCl)OC,[Li+].[N-](S(=O)(=O)F)S(=O)(=O)F,[Li+].[N-](S(=O)(=O)F)S(=O)(=O)F,0.0,1.0,150.0,50.0,DE_EXPANDED_ACQUISITION_OUTCOME,False,-0.715544088,-1.384986806,0.702146539,-0.545643339,0.424318432,0.071399078,0.660587204,0.237140954,-0.253941477,-0.292156017,172.0057849
HIST_5_103_ELEC_274a8,ELEC_274a8731c379535d,5,COC1CCCCC1,[Li+].[N-](S(=O)(=O)F)S(=O)(=O)F,[Li+].[N-](S(=O)(=O)F)S(=O)(=O)F,0.587033333,1.0,150.0,50.0,DE_EXPANDED_ACQUISITION_OUTCOME,False,0.869687698,-0.928812612,0.864416639,-0.633461315,-0.657133789,0.776593843,0.13420089,-0.833311649,-0.395449093,-0.829246964,114.1044651
HIST_5_104_ELEC_cd612,ELEC_cd612fe9333be838,5,COCC(F)(F)C(F)(F)F,[Li+].[N-](S(=O)(=O)F)S(=O)(=O)F,[Li+].[N-](S(=O)(=O)F)S(=O)(=O)F,0.0,1.0,150.0,50.0,DE_EXPANDED_ACQUISITION_OUTCOME,False,-0.682909459,-1.492216645,1.039659345,-0.738616717,0.390640678,-0.038716311,1.00684981,0.213856202,-0.107252687,-0.350478317,164.0260559
HIST_5_105_ELEC_d1702,ELEC_d17020b67777ca5b,5,COCCCCCOC,[Li+].[N-](S(=O)(=O)F)S(=O)(=O)F,[Li+].[N-](S(=O)(=O)F)S(=O)(=O)F,0.379666667,1.0,150.0,50.0,DE_EXPANDED_ACQUISITION_OUTCOME,False,-0.946328116,-1.547746394,0.90636626,0.007913098,-0.568101032,0.750411437,0.805633929,0.679370547,-0.849496125,-0.42811115,132.1150298
HIST_5_106_ELEC_f9868,ELEC_f98683b4e5df512b,5,COCCCCCl,[Li+].[N-](S(=O)(=O)F)S(=O)(=O)F,[Li+].[N-](S(=O)(=O)F)S(=O)(=O)F,0.0,1.0,150.0,50.0,DE_EXPANDED_ACQUISITION_OUTCOME,False,-0.895786544,-1.564556367,0.936152403,-0.167522035,-0.491034939,0.63148351,0.790138052,0.755837966,-0.893535523,-0.483200194,122.0498427
HIST_5_107_ELEC_b1cf2,ELEC_b1cf289c569f0388,5,COCCCOC,[Li+].[N-](S(=O)(=O)F)S(=O)(=O)F,[Li+].[N-](S(=O)(=O)F)S(=O)(=O)F,0.7469,1.0,150.0,50.0,DE_EXPANDED_ACQUISITION_OUTCOME,False,-0.878582695,-1.488406191,0.875382284,-0.187067583,-0.506087729,0.578476586,0.819151631,0.744719537,-0.853250676,-0.447222579,104.0837296
HIST_5_108_ELEC_f9139,ELEC_f91392867e9949c8,5,COCCCOCCCOC,[Li+].[N-](S(=O)(=O)F)S(=O)(=O)F,[Li+].[N-](S(=O)(=O)F)S(=O)(=O)F,0.5885,1.0,150.0,50.0,DE_EXPANDED_ACQUISITION_OUTCOME,False,-0.633501946,-1.410068584,0.798629761,-0.225137863,-0.70100844,0.879348843,0.961947698,0.459920622,-0.952924761,-0.508402656,162.1255944
HIST_5_109_ELEC_d78a5,ELEC_d78a53d4218c7318,5,COCCOCC(=O)OC,[Li+].[N-](S(=O)(=O)F)S(=O)(=O)F,[Li+].[N-](S(=O)(=O)F)S(=O)(=O)F,6.67e-05,1.0,150.0,50.0,DE_EXPANDED_ACQUISITION_OUTCOME,False,-1.314980792,0.184490634,1.62237815,-0.105443688,-0.221744012,0.414074215,0.458720331,0.608243624,-0.832032203,-0.49176043,148.0735589
HIST_5_110_ELEC_71772,ELEC_7177224d04536aa5,5,COCCOCC(OC)OC,[Li+].[N-](S(=O)(=O)F)S(=O)(=O)F,[Li+].[N-](S(=O)(=O)F)S(=O)(=O)F,6.67e-05,1.0,150.0,50.0,DE_EXPANDED_ACQUISITION_OUTCOME,False,-1.17192383,-1.054353438,0.913876537,-0.509980213,-0.92035826,-0.036805772,0.730853956,0.526808641,-0.674863265,-0.384145247,164.104859
HIST_5_111_ELEC_0014c,ELEC_0014c3083a136920,5,CS(=O)(=O)F,[Li+].[N-](S(=O)(=O)F)S(=O)(=O)F,[Li+].[N-](S(=O)(=O)F)S(=O)(=O)F,0.0,1.0,150.0,50.0,DE_EXPANDED_ACQUISITION_OUTCOME,False,-0.343456338,-1.452368066,0.33952597,0.176204021,0.897094327,-0.507669271,-0.378476709,-0.085316436,-0.729510589,-0.612523404,97.98377856
HIST_6_112_ELEC_3d2cf,ELEC_3d2cf7d49c86b21d,6,CCCCOCCOCCOC,[Li+].[N-](S(=O)(=O)F)S(=O)(=O)F,[Li+].[N-](S(=O)(=O)F)S(=O)(=O)F,0.442986667,1.0,150.0,50.0,DE_EXPANDED_ACQUISITION_OUTCOME,False,-1.067892401,-1.253528912,0.602356639,0.775133942,-0.714363578,1.295648251,0.646532478,0.057885571,-0.297491097,-0.275587927,176.1412445
HIST_6_113_ELEC_c2acd,ELEC_c2acd50d5f311e86,6,CCOCCOCCOC,[Li+].[N-](S(=O)(=O)F)S(=O)(=O)F,[Li+].[N-](S(=O)(=O)F)S(=O)(=O)F,0.66662,1.0,150.0,50.0,DE_EXPANDED_ACQUISITION_OUTCOME,False,-1.097145681,-1.027000073,0.868116041,0.014163129,-0.384778685,0.651600582,0.660381731,0.569309506,-0.628591126,-0.358949308,148.1099444
HIST_6_114_ELEC_7481a,ELEC_7481a14e6dba11d8,6,COC(=O)C1CCCCCC1=O,[Li+].[N-](S(=O)(=O)F)S(=O)(=O)F,[Li+].[N-](S(=O)(=O)F)S(=O)(=O)F,0.0,1.0,150.0,50.0,DE_EXPANDED_ACQUISITION_OUTCOME,False,0.719334066,0.636089802,1.590740294,-0.247046946,-0.124692594,0.317495871,-0.297292505,-0.874409656,-0.599177606,-0.903116715,170.0942943
HIST_6_115_ELEC_5b8a1,ELEC_5b8a15301aa10271,6,COC1CCCC1,[Li+].[N-](S(=O)(=O)F)S(=O)(=O)F,[Li+].[N-](S(=O)(=O)F)S(=O)(=O)F,0.827566667,1.0,150.0,50.0,DE_EXPANDED_ACQUISITION_OUTCOME,False,0.807314148,-0.95159502,0.879079856,-0.605455778,-0.644732168,0.730071412,0.164348349,-0.7904649,-0.439971838,-0.647647825,100.088815
HIST_6_116_ELEC_a0ceb,ELEC_a0cebac95a21ac34,6,COC1CCCCC1=O,[Li+].[N-](S(=O)(=O)F)S(=O)(=O)F,[Li+].[N-](S(=O)(=O)F)S(=O)(=O)F,0.0,1.0,150.0,50.0,DE_EXPANDED_ACQUISITION_OUTCOME,False,0.996265193,-0.567873415,1.168385368,-0.494515335,-0.269925834,0.30745579,-0.150986783,-0.613880521,-0.924464507,-0.769288851,128.0837296
HIST_6_117_ELEC_bbad8,ELEC_bbad835c38a4af75,6,COCCCCCCOC,[Li+].[N-](S(=O)(=O)F)S(=O)(=O)F,[Li+].[N-](S(=O)(=O)F)S(=O)(=O)F,0.4624,1.0,150.0,50.0,DE_EXPANDED_ACQUISITION_OUTCOME,False,-0.946328116,-1.547746394,0.90636626,0.007913098,-0.568101032,0.750411437,0.805633929,0.679370547,-0.849496125,-0.42811115,146.1306798
HIST_6_118_ELEC_4be37,ELEC_4be3714c85f6c5a2,6,COCCOCCOCCOC,[Li+].[N-](S(=O)(=O)F)S(=O)(=O)F,[Li+].[N-](S(=O)(=O)F)S(=O)(=O)F,0.468241233,1.0,150.0,50.0,DE_EXPANDED_ACQUISITION_OUTCOME,False,-0.899245337,-1.039674159,1.079794228,-0.35135381,-0.360826913,0.421555364,0.804487743,0.673994873,-0.878265459,-0.450959326,178.1205091
HIST_6_119_ELEC_0f809,ELEC_0f809b7a51d07758,6,COCCOCCOCCOCCOC,[Li+].[N-](S(=O)(=O)F)S(=O)(=O)F,[Li+].[N-](S(=O)(=O)F)S(=O)(=O)F,0.5062537,1.0,150.0,50.0,DE_EXPANDED_ACQUISITION_OUTCOME,False,-0.899245337,-1.039674159,1.079794228,-0.35135381,-0.360826913,0.421555364,0.804487743,0.673994873,-0.878265459,-0.450959326,222.1467238
HIST_6_120_ELEC_e0727,ELEC_e0727efe920d588c,6,COCCOCOCCOC,[Li+].[N-](S(=O)(=O)F)S(=O)(=O)F,[Li+].[N-](S(=O)(=O)F)S(=O)(=O)F,0.713863333,1.0,150.0,50.0,DE_EXPANDED_ACQUISITION_OUTCOME,False,-0.900062481,-1.026421889,1.018113522,-0.356200934,-0.343756413,0.403599209,0.757477142,0.65221875,-0.834626305,-0.423649049,164.104859
HIST_6_121_ELEC_b533e,ELEC_b533ea4801830b15,6,COCCS(=O)(=O)F,[Li+].[N-](S(=O)(=O)F)S(=O)(=O)F,[Li+].[N-](S(=O)(=O)F)S(=O)(=O)F,0.26472966,1.0,150.0,50.0,DE_EXPANDED_ACQUISITION_OUTCOME,False,-0.774655603,-1.131648117,1.061661229,-0.391643352,-0.188458054,0.184919227,0.733521854,0.657517779,-1.061449232,-0.608401096,142.0099933
HIST_6_122_ELEC_d7d75,ELEC_d7d7586dc308e18f,6,COCCSC,[Li+].[N-](S(=O)(=O)F)S(=O)(=O)F,[Li+].[N-](S(=O)(=O)F)S(=O)(=O)F,0.0,1.0,150.0,50.0,DE_EXPANDED_ACQUISITION_OUTCOME,False,-0.819883233,-1.43101054,0.95671476,-0.464874815,-0.484067196,0.206120148,0.691785194,0.673957229,-0.907012977,-0.46700378,106.0452359
HIST_7_123_ELEC_e0287,ELEC_e02876abac7a34e4,7,CCCCOCCCOC,[Li+].[N-](S(=O)(=O)F)S(=O)(=O)F,[Li+].[N-](S(=O)(=O)F)S(=O)(=O)F,0.776666667,1.0,150.0,50.0,DE_EXPANDED_ACQUISITION_OUTCOME,False,-0.9485771543664095,-1.6766856424573084,0.4843862823047391,0.6608267655535732,-0.8540121423422307,1.322076143204328,0.7451356156741071,0.1423529766890218,-0.3302721621514471,-0.2991812968080967,146.130679816
HIST_7_124_ELEC_4745e,ELEC_4745e6c00434e07a,7,CCOCCCCOC,[Li+].[N-](S(=O)(=O)F)S(=O)(=O)F,[Li+].[N-](S(=O)(=O)F)S(=O)(=O)F,0.772,1.0,150.0,50.0,DE_EXPANDED_ACQUISITION_OUTCOME,False,-0.8255953107226858,-1.4047699900269803,0.6010957509558232,0.1771815022961395,-0.7311906256109378,1.1109724849799516,0.7913569695352622,0.3226598865954954,-0.6866190725225003,-0.3822940892374616,132.115029752
HIST_7_125_ELEC_fe0c0,ELEC_fe0c05021a51f83f,7,COC1CCCCO1,[Li+].[N-](S(=O)(=O)F)S(=O)(=O)F,[Li+].[N-](S(=O)(=O)F)S(=O)(=O)F,0.229333333,1.0,150.0,50.0,DE_EXPANDED_ACQUISITION_OUTCOME,False,1.0162259801665632,-0.9528348992625332,1.0502060797958794,-0.993306142922746,-0.1813169090460503,0.6990637486447926,0.2408411207216336,-0.7291171403234817,-0.1854672389802473,0.5218389488232956,116.083729624
HIST_7_126_ELEC_2eed9,ELEC_2eed92d7e1282a5f,7,COCCCCOCC(F)(F)F,[Li+].[N-](S(=O)(=O)F)S(=O)(=O)F,[Li+].[N-](S(=O)(=O)F)S(=O)(=O)F,0.726,1.0,150.0,50.0,DE_EXPANDED_ACQUISITION_OUTCOME,False,-0.7408333237699933,-1.4117026011513918,0.814934386111619,-0.4533500038440352,-0.10202790161027,0.8730717291082671,1.5592887656709284,0.1480848574510672,-0.7399785169094,-0.5118738728334633,186.086764316
HIST_7_127_ELEC_0cc64,ELEC_0cc647733378a78c,7,COCCCF,[Li+].[N-](S(=O)(=O)F)S(=O)(=O)F,[Li+].[N-](S(=O)(=O)F)S(=O)(=O)F,6.67e-05,1.0,150.0,50.0,DE_EXPANDED_ACQUISITION_OUTCOME,False,-0.8885349240292075,-1.532756500543057,0.9079422700111304,-0.2408205508610195,-0.416103067736445,0.5068078438235639,0.8827041918504808,0.7082966426148161,-0.830122454039644,-0.4805086185950243,92.063743128
HIST_7_128_ELEC_3901e,ELEC_3901e9305b52952c,7,COCCCOCC(C)(C)C,[Li+].[N-](S(=O)(=O)F)S(=O)(=O)F,[Li+].[N-](S(=O)(=O)F)S(=O)(=O)F,0.442,1.0,150.0,50.0,DE_EXPANDED_ACQUISITION_OUTCOME,False,-0.7866594843147029,-1.4176617446227868,0.9095589065044508,-0.4531831442836759,-0.0808025747904042,0.7798234654395462,1.703167566409269,0.1166740833539644,-0.3575963261473633,-0.3262302597738911,160.14632988
HIST_7_129_ELEC_f55f1,ELEC_f55f1531a42c60a6,7,COCCCOCC(F)(F)C(F)F,[Li+].[N-](S(=O)(=O)F)S(=O)(=O)F,[Li+].[N-](S(=O)(=O)F)S(=O)(=O)F,0.82,1.0,150.0,50.0,DE_EXPANDED_ACQUISITION_OUTCOME,False,-0.92480131146849,-1.4994500693493444,0.7490227734592574,-0.5422492120379048,-0.4919894098589872,0.3603252569723623,1.438693230369236,0.0630017799609922,-0.5168263227778644,-0.4611354887366645,204.077342504
HIST_7_130_ELEC_54a96,ELEC_54a96ef4a4c8d4e6,7,COCCOCC(F)F,[Li+].[N-](S(=O)(=O)F)S(=O)(=O)F,[Li+].[N-](S(=O)(=O)F)S(=O)(=O)F,0.770666667,1.0,150.0,50.0,DE_EXPANDED_ACQUISITION_OUTCOME,False,-1.095648659848484,-0.9653559786343732,0.9351337981238006,-0.4597644109120862,-0.7006735501002891,-0.1163866260350613,0.8534126654588597,0.4979558744545767,-0.7096958020007084,-0.3988299588212125,140.064886
HIST_7_131_ELEC_0e00c,ELEC_0e00cdf653b213ea,7,COCCOS(=O)(=O)C(F)(F)F,[Li+].[N-](S(=O)(=O)F)S(=O)(=O)F,[Li+].[N-](S(=O)(=O)F)S(=O)(=O)F,0.0,1.0,150.0,50.0,DE_EXPANDED_ACQUISITION_OUTCOME,False,-1.1685958327349757,-0.2813391622850276,1.3603760496556343,-0.3090949694907926,0.5245770418570268,0.0648706544001744,0.989763768432538,0.2632341693014015,-0.7021980143446862,-0.5088442136689315,208.001714364
